,cid,create_time,text,comment_likes
0,7112314024771224346,2022-06-23 06:11:01,ฝากเนื้อฝากตัวด้วยค่ะพิเชออ,1040
1,7112379270789661466,2022-06-23 10:24:20,แล้วหนูรุ่นที่ 58 ไม่ใช่ลูกป๊าหรอ ไม่มีอะไรเลยค่ะ🥹,773
2,7112381284608918298,2022-06-23 10:32:03,จะสู้ขาดใจเพื่อให้ตัวเองติดที่นี่5555,356
3,7112389036291261211,2022-06-23 11:02:11,ขอให้ผมได้เป็นกาลพฤกษ์ช่อที่60 สาธุ,24
4,7112364934570918682,2022-06-23 09:28:43,ข้าวเที่ยงที่แจกให้ อร่อยมากครับ🤣,299
5,7112378974214439707,2022-06-23 10:23:07,อยากเข้ามากๆๆๆขอให้ปีหน้าติด,129
6,7112414791893320474,2022-06-23 12:42:08,ตอนนั้นก็แตะ A เกรดออกไม่รู้ C มาจากไหน😂,21
7,7112387428267066139,2022-06-23 10:56:00,หวังว่าปีหน้าคงจะได้เจอกันนะครับ🥰,31
8,7112393116804350746,2022-06-23 11:18:06,ยินดีต้อนรับทุกคนจ้าา,45
9,7112388741591171867,2022-06-23 11:01:03,ช้ำใจกับ มขมากแม่🥲,8
10,7112363631731442458,2022-06-23 09:23:34,เป็นเรากระโดดไม่ถึง555,36
11,7112365671266501403,2022-06-23 09:31:31,สนุกมากๆแล้วข้าวก็อร่อยมั้กๆ🥰,33
12,7112371841926464282,2022-06-23 09:55:27,คณะเดียวกันกับพี่เจ้าของช่องค่ะ,11
13,7112387558517408538,2022-06-23 10:56:34,ปีหน้าเจอกันค่ะพี่,6
14,7112392418653340442,2022-06-23 11:15:18,แกร๊ ชั้น KKU49 เวลาผ่านไปเร็วมาก 😂,4
15,7112378693645845274,2022-06-23 10:22:10,รอหนูปีหน้านะคะ555,5
16,7112393111904518939,2022-06-23 11:18:00,รุ่น 52 คิดถึงจังเลยยยย,2
17,7112387235487810330,2022-06-23 10:55:11,พี่ๆสตาฟพักผ่อนเยอะๆนะครับ😂,4
18,7112421876420772634,2022-06-23 13:09:37,เราผู้ ซิ่วปีนี้ ปีหน้าเราต้องติดวิศวะมข.ให้ได้ 🥺,4
19,7112377534259872538,2022-06-23 10:17:34,กระโดดตรงจังหวะเกือบทุกคนเลย5555555,2
20,7112375575440474906,2022-06-23 10:10:01,สวัสดีพี่ๆที่มข ทุกๆคนนะคะ วันนี้สนุกมากๆเลยค่ะ💗,3
21,7112380544184353563,2022-06-23 10:29:10,ข้าวเที่ยงแซ่บหลายๆจ้า,2
22,7112382159981511450,2022-06-23 10:35:30,ยินดีต้อนรับน๋าาาน้อนๆทุกคนนนน,1
23,7112435175673676570,2022-06-23 14:01:14,ข้าวเที่ยงเมื่อวานอร่อยมากเลยค่ะ55556,3
24,7112394576145875739,2022-06-23 11:23:50,ข้าวอร่อยมากครับ😂,1
25,7112384193070842651,2022-06-23 10:43:35,ข้าวเที่ยงอร่อยมากกะเพราะที่ควรจะเป็นต้องแบบนี้,1
26,7112383109706482459,2022-06-23 10:39:15,รอผมอีกสองปีครับเป้าหมายคือ มข 555555,1
27,7112400026316292891,2022-06-23 11:44:52,คนที่159น่ารักมากคับ😳,1
28,7112367333079843610,2022-06-23 09:38:07,อนุญาตถามนะคะกระโดดทำไมหรอคะ,1
29,7119376817546953498,2022-07-12 06:58:16,น่ารักมากก 555555 ช่วยเหลือแบบทันท่วงที,10116
30,7119380581221303067,2022-07-12 07:12:50,ข้อเดียวกันกับการบ้านของเด็กpre-Enเลยค่ะ,3490
31,7119395386288161563,2022-07-12 08:10:17,รุ่นพี่ดี,3141
32,7119651719554712347,2022-07-13 00:45:14,ของเรารุ่นพี่นั่งกินเหล้าอยู่ เห็นโต๊ะเราบ่นทำไม่ได้สักที เดินมาสอน อย่างโปรฯ เฉลยเป็นพี่TAวิชาดรออิ้ง,178
33,7119392098390737691,2022-07-12 07:57:37,รุ่นพี่น่ารักมาก มาจริง55,1425
34,7119362076230124315,2022-07-12 06:01:06,เตรียมรับมือออ,1611
35,7119398787051193115,2022-07-12 08:23:31,น่ารักกันจังเลย เจอแบบนี้ละใจฟู,591
36,7119390146290139930,2022-07-12 07:50:01,น่ารักกันมากเลยค่ะ,494
37,7119424880030827290,2022-07-12 10:04:49,ผมต้องติดให้ได้ครับพี่วิศวะมข.,159
38,7119393459753009947,2022-07-12 08:02:53,รุ่นพี่น่ารักมากกกก,199
39,7119408265989538587,2022-07-12 09:00:20,ขอคู่มือวิธีการรับมือมีแฟนเป็นดาวตต.หน่อยค่ะ,66
40,7119425919835620122,2022-07-12 10:08:46,โจทย์ข้อเดียวกันกับตอนเราปีหนึ่งเลยค่ะ555555,12
41,7119420370998166299,2022-07-12 09:47:17,น่ารักมาก555555,35
42,7119400795615380250,2022-07-12 08:31:19,เจ้าของไอแพดน่ารักมากค่ะ,27
43,7119397070293795611,2022-07-12 08:16:54,น่ารักมากกกกก55555555,30
44,7119426649301877531,2022-07-12 10:11:42,รอก่อนนะมข.เราจะไปเรียน(ถ้าสอบติดนะ55),20
45,7134229996663997210,2022-08-21 07:36:17,ข้อดีของการเรียนมหาลัยแหละแบบนี้ 😁,1
46,7119423545751896858,2022-07-12 09:59:41,ดีอ่ะ5555เดี๋ยวทำบ้าง,6
47,7119449018073301786,2022-07-12 11:38:24,พี่เสื้อสีดำหล่อมากเลยค่ะ,4
48,7119433715264668442,2022-07-12 10:39:03,โหวว น่ารักมาเลยยยยย,1
49,7119430115205382939,2022-07-12 10:25:06,ถ้าติดมข.จะไปทำตาม55555,1
50,7119428704480740122,2022-07-12 10:19:38,รุ่นพี่น่ารักมากเลอ,1
51,7119433350737478427,2022-07-12 10:37:38,นี่ค่ะ เยี่ยม รุ่นพี่แบบนี้ ยกนิ้วให้,0
52,7119419034433471259,2022-07-12 09:42:09,รุ่นพี่ดี,4
53,7119431912482046746,2022-07-12 10:32:06,รุ่นพี่น่าร้ากกกก😂,1
54,7119429199144420123,2022-07-12 10:21:33,รุ่นพี่น่าร๊ากกกกกกกก,0
55,7119448019213501211,2022-07-12 11:34:36,เรียนวิศวะอะไรหรอครับพี่,0
56,7119446504775336731,2022-07-12 11:28:42,อยากส่งไปช่วยบ้างแต่ไม่ได้ใช้ios🥲,0
57,7119442187385357083,2022-07-12 11:11:54,ชอบใช้ไอโฟนก้เพราะแอร์ดรอปนี่แหละ,1
58,7119449609804088091,2022-07-12 11:40:45,เนี่ยน่ารัก,0
59,7124167985036018459,2022-07-25 04:50:28,ใส่เพลงไททานิคทีค่ะ 555555555,104
60,7124311960108122907,2022-07-25 14:09:08,พี่คะ ค่าเทอมเท่าไหร่🙏,67
61,7124128241938858778,2022-07-25 02:16:26,หาเฮ็ดดด555,28
62,7123954698034643739,2022-07-24 15:02:48,สนุกเขาแหละ 5555,1675
63,7123983759900164891,2022-07-24 16:55:35,คือเป็นตาไปเล่นนำแท้สาว,782
64,7124150295441261339,2022-07-25 03:41:49,ค่าเข้าสวนน้ำกี่บาทครับ😂,199
65,7123994177198015259,2022-07-24 17:36:16,พี่มหาลัยเค้าทำไรกัน: อ่อ,125
66,7124023799036936986,2022-07-24 19:31:24,สู้เอาเด้อออ,40
67,7124143267494888219,2022-07-25 03:14:34,แต่ก่อนบ้านอยู่แถวนั้น ชอบไปเล่นกับพี่ๆตอนเด็กๆ มันสนุกและเหนื่อยมากก🥰,18
68,7124001317971297051,2022-07-24 18:04:07,อยากเล่นนำ😂,17
69,7124162332447998747,2022-07-25 04:28:31,ดูแล้วคิดถึงแปลงฝึกงานเลย,7
70,7124168721936974618,2022-07-25 04:53:17,เด็ก มมส.ขอไปเล่นด้วยได้ไหมคะ55555,4
71,7124160776491467546,2022-07-25 04:22:30,เรียนรู้อย่างสนุกสนาน,5
72,7124143678574560026,2022-07-25 03:16:09,ไปเรียนหรือไปเล่นถามจริง,5
73,7124169090373190426,2022-07-25 04:54:43,อยากให้มจ.ผมมีน้ำไหลอย่างงี้บ้างจัง555,4
74,7124495045684101915,2022-07-26 01:59:42,แปลงน้องน้ำท่วมเมิด555 พากันซ่อมจนเมื่อย,2
75,7124122113804206874,2022-07-25 01:52:35,55555,3
76,7124125434791789339,2022-07-25 02:05:31,แหนะ เราก็เปนซะอย่างเงี้ย5555,4
77,7124165940652868379,2022-07-25 04:42:33,พี่จบ พืชสวน มก. ค่ะ จะมีสักกี่ครุยที่ลุยโคลน ภูมิใจค่ะ,2
78,7124135493981635354,2022-07-25 02:44:26,เรียนยากมั้ยค้าบ,3
79,7124836886866641690,2022-07-27 00:06:20,โรงเรียนหนูก็ทำเหมือนกันค้า😂😂,2
80,7124107815594050331,2022-07-25 00:57:11,ศีลเสมอ555,1
81,7124043192866390811,2022-07-24 20:47:44,น่าไปเล่นด้วย555,2
82,7124146627841082139,2022-07-25 03:27:35,เปิดคลิปมารู้เลยว่าที่ไหน คิดถึงมากกกก,1
83,7124135489016054555,2022-07-25 02:44:29,คณะนี้ม่วนทุกฤดูอิหลี555😂,1
84,7124137711963095834,2022-07-25 02:53:02,เอ็นดู😂😂😂,1
85,7124911453836100378,2022-07-27 04:55:28,@_peakyblin ม่วนสุดในมอ5555,2
86,7124294030024688410,2022-07-25 12:59:36,ชั้นในวันที่ 31 @ixy_ii,2
87,7129381390555415323,2022-08-08 06:01:13,น้อง ๆ น่ารัก🥰🥰,1
88,7124586835355108122,2022-07-26 07:55:48,อยากเล่นบ้างงงง5555555,1
89,7117783251415253786,2022-07-07 23:54:45,อยากให้รับน้องแบบนี้ค่ะน่ารักดี ไม่อยากให้มีความรุนแรงเหมือนหลายโรงเรียนที่ผ่านมา,2887
90,7117807480995136282,2022-07-08 01:28:38,เพิ่งรู้เป็นเพลงประจำมหาลัย😅😅😅,1034
91,7117755171955196699,2022-07-07 22:06:37,วัยนี้สนุกสุด อิแม่อยากกลับไปเป็นเด็กอีกครั้ง😁,853
92,7117850154548806427,2022-07-08 04:14:09,คิดถึงตอนเรียน มหาลัยเลยมีความสุขสนุกสุดแล้ว ใช้ชีวิตช่วงนี้ให้สุดให้สนุกนะน้องๆ เพราะถ้าจบมาแล้วหนังชีวิตล้วนๆ,215
93,7117999236705305345,2022-07-08 13:53:27,ใครเป็นคนขอนแก่นบ้าง+1,182
94,7117784585270952730,2022-07-07 23:59:53,เป็นมหาวิทยาลัยที่ลูกสาวเราตั้งเป้าไว้ว่าต้องติดที่นี่ให้ใด้😁,65
95,7117597548131435290,2022-07-07 11:53:51,สนุกสนานมากค่ะ🥰🥰,386
96,7117796103701725978,2022-07-08 00:44:31,สมกับเป็นเมืองหลวง เริศมากครับ 🥰🥰,129
97,7119675139911254811,2022-07-13 02:16:01,อยากอยู่ขอนแก่นแต่แม่ไม่ให้อยู่ ดูสนุกมาก,25
98,7117647929011733274,2022-07-07 15:09:19,อยากไปเรียน ขอนเเก่นนน,167
99,7117795845299012378,2022-07-08 00:43:29,คิดถึงสมัยรับน้องปี 1 เมื่อปี 2537 เลยค่ะลูกๆ😁❤️❤️✌️,56
100,7117673006838891291,2022-07-07 16:46:46,เพลงนี้เป็นอมตะจริงๆ,95
101,7117803146316399386,2022-07-08 01:11:48,"รับน้องแบบน่ารัก มากกคะ
ขอชม ม.ขอนแก่นนะคะ 👍🤟🤟🤟🤞🤞🤞",33
102,7117605498082067227,2022-07-07 12:24:38,อยาก 18 อีกครั้ง,30
103,7119441235454182170,2022-07-12 11:08:13,คิดถึง❤️,5
104,7117788132279730970,2022-07-08 00:13:34,อบอุ่น,6
105,7117838550318973723,2022-07-08 03:29:08,กลับบ้านยามได๋เป็นต้องแวะไปรำลึกควมเก่าควมหลัง🥰🥰,5
106,7117801868017189659,2022-07-08 01:06:45,@userbp0bnreyfv ชีวิตวัยเรียนสนุกที่สุดแล้ว,5
107,7120396430397145883,2022-07-15 00:55:02,ปีหน้าต้องติด มข. สาธุๆ #dek66,2
108,7117766768572285723,2022-07-07 22:51:12,คิดถึงสมัยตัวเองเข้าหอเลยครับ เก่งมากครับ ...จากใจ KKU 46...,4
109,7117765865643361051,2022-07-07 22:47:40,น่ารัก มาก ครับ,1
110,7117885869303087899,2022-07-08 06:32:43,เป็นการรับน้องที่น่ารักมากๆๆคะ น้องๆๆที่เรียนนิติ อย่าลืมไปซื้อหนังสือ ที่ร้านลออินบุ๊คนะคะ,2
111,7117877999328445210,2022-07-08 06:02:08,โอ้ยยยยย มะเป็นตาม่วนแท้,1
112,7117789181598483226,2022-07-08 00:17:38,มอดินแดงแดนขอนแก่น,4
113,7117780532343849754,2022-07-07 23:44:10,เราไม่ติด🥺🥺🥺🥺🥺,4
114,7118013082022953755,2022-07-08 14:46:19,ชื่นชมการต้อนรับน้องใหม่ จากรุ่นพี่มหาลัยขอนแก่นมากเลยจ้า😍,2
115,7117977645409026842,2022-07-08 12:28:47,นึกถึงพี่วอร์เลออ,2
116,7117868682962158362,2022-07-08 05:26:00,คลิปแรกอยู่คณะใด๋น้อ แต่ละคน😂😂😂,1
117,7117870995033588506,2022-07-08 05:34:54,เพลงหากินน,1
118,7118155349597815579,2022-07-08 23:58:43,เป็นช่วงวัยที่มีความสุขที่สุด,2
119,6851199095508516865,2020-07-19 14:31:42,สู้ๆนะคะ🥰🥰คนขอนแก่นยินดีต้อนรับค่ะ,610
120,6851560676696375298,2020-07-20 13:54:48,สู้ๆนะคะเจอไดโนพร้อมถ่ายรูแมาฝากด้วยนะคะ😊✌✌,534
121,6876598570729193473,2020-09-26 01:14:42,เจอไดโนเอารูปมาฝากด้วยนะ😂😂,236
122,6851454441389178882,2020-07-20 07:02:35,ฝากถ่ายรูป คู่พร้อม ด้วยนะคะ 😅😅,254
123,6851259087880175617,2020-07-19 18:24:45,อดทนเด้อ 4ปีไม่นาน!! ถ้าวันไหนท้อ ให้คิดถึงคนทางบ้านที่รอความสำเร็จของเราเด้อ สู้ๆ✌🏼,69
124,6851721908422459393,2020-07-21 00:20:38,ได้อยู่ม.เดียวกับบอสเลยอะ.🥺,61
125,6851263000201543682,2020-07-19 18:40:05,สู้ๆเด้อครับ จากบ่าววิศวะ,38
126,6851194604755124225,2020-07-19 14:14:15,สู้ไนะค่ะ..มาสู้อยู่ในขอนแก่นเหมือนกัน,35
127,6851195637036515329,2020-07-19 14:18:16,วิศวะสาขาอะไรคะ,17
128,6852660245589245954,2020-07-23 13:01:42,สู้ๆ เด้ออน้องงง เอื้อยกะมาไกล วิศวะคือกันน,13
129,6852463652063756289,2020-07-23 00:18:57,สู้ๆเด้อ  ขอนแก่น ยินดีต้อนรับ,29
130,6851244579035906050,2020-07-19 17:28:18,ตัดภาพมาที่ตัวเองเมื่อ6ปีที่แล้วตอนปี1. ขี่มอไซคันเดียวพร้อมเป้สะพายหลัง555,19
131,6851801304625643522,2020-07-21 05:28:34,เป็นกำลังใจให้นะคะ ขอให้เก็บเกี่ยวประสบการณ์ในรั่วมหาวิทยาลัยมาเยอะๆนะคะ 4ปีแป็บเดียวเองค่ะ,13
132,6851416391577534465,2020-07-20 04:34:55,คนขอนแก่นน่ารักน้าาาา อยู่นานๆจะหลงรักเลยแหละ สู้ๆนะคะ 😍😍😍😍,11
133,6851773464194940929,2020-07-21 03:40:35,ตั้งใจเรียนเด้อออ,13
134,6852874757050826753,2020-07-24 02:54:07,ฝากถ่ายบอสให้หน่อยค่ะ55,12
135,6851350509182730241,2020-07-20 00:19:25,สู้ๆนะคะ เดี๋ยวได้เจอเจอพี่พร้อม😅,10
136,6852105348858626049,2020-07-22 01:08:31,อดทนเอาเด้อ เลือกคบเพื่อนด้วยนะตัวเอง เวลาท้อนึกถึงหน้าแม่หน้าพ่อให้มากๆนะ✌✌✌✌,8
137,6851575860974567426,2020-07-20 14:53:45,สู้ๆนะคะ✌✌ ถ้าเจอพี่พร้อมถ่ายรูปให้ดูหน่อยน๊า555❤❤,30
138,6851566904168579073,2020-07-20 14:18:59,หลังมอ รอคุณอยู่ ยินดีต้อนรับจ้า จากพี่#KKU46,7
139,6851200812933627906,2020-07-19 14:38:21,เหมือนเห็นผ่าน เจดีย์ชัยมงคล เส้นทางเหล่าขุมมัน-นาไคร้เลย แม้นบ่น้อถ้าพี่จำบ่ผิด,8
140,6852348558704934913,2020-07-22 16:52:18,สู้ๆนะค่ะ.✌️คนขอนแก่นยินดีต้อนรับค่ะ💓,7
141,6851209854016274434,2020-07-19 15:13:28,สู้ๆนะคะอีก1ปีเดี๋ยวหนูตามไปเป็นรุ่นน้องนะคะ😊,25
142,6851230649979011074,2020-07-19 16:34:12,ใช่ยอดเจดีย์ผาน้ำย้อยไมนั่นฝ,8
143,6851573898094919681,2020-07-20 14:46:08,สู้ๆนะคะ ขอเป็นอีกหนึ่งกำลังใจค่ะ ทำให้ท่านได้เห็นความสำเร็จ ทำให้ท่านภูมิใจค่ะ ✌🏻☺️💕.,7
144,6866965919617318913,2020-08-31 02:15:02,ผมอยู่ขอนแก่นแถวนั้น,7
145,6851196810204168193,2020-07-19 14:22:48,สู้ๆนะคับ✌✌,7
146,6852485521592795137,2020-07-23 01:43:46,ขอนแก่น นี้ความฝันของหนูเลยคับ,27
147,6857698978595995649,2020-08-06 02:54:38,สู้ๆครับขอนแก่นเหมือนกันครับ,7
148,6852999780650876930,2020-07-24 10:59:16,ความฝันหนูเลยน่ะ มข❤️❤️,7
149,7086320712377615130,2022-04-14 05:03:45,ตัวเองได้หอพักยังคะ รีวิวหน่อย😂,307
150,7086128708121068315,2022-04-13 16:38:48,ม.ข ไม่ใช่มหาลัยครับ เเต่มันเป็นประเทศ รุ่นพี่ได้กล่าวไว้😁😁,1591
151,7086092546455618330,2022-04-13 14:18:23,มหาลัย กว้าง เเละใหญ่มากค่ะ เดินไม่ไหวเลย😂🥰,892
152,7088873501163406107,2022-04-21 02:10:04,ถ้าเรียน มข. แล้ว จะรู้ว่าพอเรียน จบ. จะมูฟออนยากค่ะ,54
153,7086388473669747483,2022-04-14 09:26:45,ขอนแก่นเมืองใหญ่ ครับ ที่เที่ยวก็เยอะ แยะ ครับ 😁,335
154,7088613997553468186,2022-04-20 09:23:01,ยินดีต้อนรับเข้าสู่ประเทศมข.ที่มีทุกอย่างที่ต้องการนะคะ ยกเว้นแฟน55555,69
155,7086008128734708506,2022-04-13 08:50:50,อยากไปเหนือกัน อีกนานกว่าจะได้ไป😅,225
156,7086688143491171098,2022-04-15 04:49:35,หนุ่ม มข.หล่อมากเด้อรับประกัน จากเด็กในม. ร้านเหล้าคือสุด😅,12
157,7086066839499260698,2022-04-13 12:38:37,ยินดีต้อนรับสู่รั้วเลือดสีอิฐ🧡🧡,102
158,7085733995832935195,2022-04-12 15:07:06,สาว มข 🥰🥰,101
159,7086314683833516826,2022-04-14 04:40:25,คิดถึงมอจัด ๆ ยังทัวร์ร้านหมูทะไม่หมดเลย (ถ้าเข้ามาแล้วน้ำหนักขึ้นไม่ต้องแปลกใจนะครับ นั่นแสดงถึงว่าคุณมาถึง มข แล้วอย่างแท้จริง 555),13
160,7086117680977347355,2022-04-13 15:56:01,ผมสอบไม่ติดม.ขแต่สอบติดมหิลดล,21
161,7086094318099907354,2022-04-13 14:25:12,18 เม.ย.นี้ ขอให้ติดมข.ด้วยย,24
162,7086506634969318171,2022-04-14 17:05:39,ยินดีด้วยนะครับ หวังว่าเราจะได้เรียนด้วย🥺,10
163,7088617383815906075,2022-04-20 09:36:03,เข้าไปเรียนเดี๋ยวรู้เรื่อง555😂,4
164,7088669736481391386,2022-04-20 12:59:12,แนะนำกนังสือที่พี่อ่านหน่อยค่ะ,3
165,7088603226702152475,2022-04-20 08:41:10,ยินดีต้อนรับนะคะน้องใหม่🥰,3
166,7088660957450797851,2022-04-20 12:25:10,ยินดีต้อนรับนะคะ จากรุ่นพี่กัลปพฤกษ์ช่อที่ 48,2
167,7088607710551245594,2022-04-20 08:58:28,คิดถึงมอ คิดถึงหอ คิดถึงร้านข้าว,2
168,7088680151856481051,2022-04-20 13:39:36,อยากไปมากเลย อีก1ปีริน่อยน๊า🥰,4
169,7088681378551939867,2022-04-20 13:44:20,เมื่อไหร่อุดรจะมี ม.เป็นของตัวเอง,1
170,7088617578339549978,2022-04-20 09:36:51,ยินดีด้วยนะคะ ได้มขเหมือนกันเลย เราอยู่คณะมนุษย์น้าา,2
171,7088665127461290779,2022-04-20 12:41:18,สู้ๆนะอีกหน่อยจบมาปลูกผักปลูกย้าเลี้ยงปลาขายของเดี๋ยวก็หาเงินได้,1
172,7088714307973808922,2022-04-20 15:52:13,ยินดีด้วยค้าบบบ ประเทศมขคือดีเยี่ยม,1
173,7088608125065937690,2022-04-20 09:00:07,อยากเข้ามากค่ะแต่กลัวไม่ติด😂😂😂😂,3
174,7086666012070363930,2022-04-15 03:23:50,ยินดีตอนรับครับเดี๋ยวชวนไปอ่านหนังสือหลังมอ,2
175,7088635683384460059,2022-04-20 10:47:09,@apirudee__48 เห็นละท้อใหญ่เกินจัเดินไหว😂,2
176,7086299091755778843,2022-04-14 03:39:57,เก่งมากฮะ,3
177,7086269007191540481,2022-04-14 01:43:09,ยินดีด้วยนะคะตัวเองง,2
178,7086273913294144282,2022-04-14 02:02:16,ยินดีต้อนรับบเข้าสู่รั้วมอดินแดงงับบ,1
179,7113673209110889242,2022-06-26 22:06:07,พี่เขาดูร้อนเนอะ555,1818
180,7113702715994424091,2022-06-27 00:00:12,ต้องมีคนดูมากกว่า2รอบอ่ะ  หนึ่งในนั้นรวมถึงฉันด้วย5555,638
181,7113775530189964059,2022-06-27 04:42:30,ไป ไปขอนแก่นเดียวนี้5555,287
182,7113725090357379866,2022-06-27 01:26:47,จะไปเรียนขอนแก่น,74
183,7113754657679344410,2022-06-27 03:21:24,เพื่อนรักมากแต่ชอบทุกคน,32
184,7113686912107627291,2022-06-26 22:58:59,โหยยย😳😳,112
185,7113802888862384922,2022-06-27 06:28:38,พี่เค้ามีแฟนแล้วค่าาา😂,10
186,7113773258545234714,2022-06-27 04:33:36,เทอโบ🥰🥰🥰,6
187,7113961053927916314,2022-06-27 16:42:30,วิศวะนี้หล่อทุกคนไหมคะ😳,3
188,7113935278318584602,2022-06-27 15:02:20,@ppair08 เดี๋ยวจะมาทำงานที่ Gel,3
189,7114329978104087322,2022-06-28 16:34:04,เปลี่ยนไปมากเกือบจำไม่ได้,2
190,7113761528637424410,2022-06-27 03:48:05,ทำไมชั้นไม่ไปนะ,4
191,7113904890946732826,2022-06-27 13:04:23,@4117sj ป้าดดดว่ะ,2
192,7113758313889153819,2022-06-27 03:35:46,รักเค้าาาา🥰,2
193,7113866393803866907,2022-06-27 10:34:59,@tippawa_n17 โอ่ยะ,2
194,7113733570108588827,2022-06-27 01:59:46,ง่าาา🥰,1
195,7113733517196002075,2022-06-27 01:59:24,@chatchadaporn_20 ป่ะตอนนี้,1
196,7113835094397174555,2022-06-27 08:33:32,ฉันก็งงว่าทำไมฉันไม่ไปทั้งๆที่อยู่ใกล้นิดเดียว,1
197,7113750183700333339,2022-06-27 03:04:09,@p.ppangpond_ ย้ายมอกันมั้ยยย😳😳,3
198,7114288652096619291,2022-06-28 13:53:35,@trx_2239_ ไปมขกันน,2
199,7114609544718680859,2022-06-29 10:38:51,จะบอกว่าเราเป็นญาติกันจริงๆจะเชื่อมุ้ย55555,1
200,7113963570459689755,2022-06-27 16:52:17,คริบยาวจังตอนนี้ยังไม่จบเลย😳,1
201,7113817220845552410,2022-06-27 07:24:17,น้องมิววิศวะ มข ปี 1 ต้องมาละค่ะพี่,1
202,7113737262357955355,2022-06-27 02:14:01,เริส,1
203,7114254361539134234,2022-06-28 11:40:31,วิศวะ มข ก็ดีเหมือนกันนะเนี่ยยย🥺🥺🥺,1
204,7113888447793824538,2022-06-27 12:00:33,ป๊าดอยากเรียนวิศวะเลย55555,1
205,7113691443835224859,2022-06-26 23:16:29,@wxnn.04 ต้องมข.แล้วพี่ตะวันนนน,3
206,7113723935334875930,2022-06-27 01:22:23,@baifern________j มข.ต้องเขาแล้วป่ะ😳,2
207,7113718764868551450,2022-06-27 01:02:15,อร้่กกกกก😂,1
208,7119288642824815386,2022-07-12 01:16:14,ทุกคนพี่มาค่ายนะคะ บางคำตอบอาจจะให้คำตอบไม่ได้ค่ะ ต้องขออภัยด้วยนะคะ🥰,262
209,7118974605972357915,2022-07-11 04:57:28,ขอให้สมหวังนะหนูเม 🥰,413
210,7119264593658364698,2022-07-11 23:43:00,มหาลัยในฝันเลยหนูต้องเข้าให้ได้🥺,235
211,7119111123606176539,2022-07-11 13:47:15,ขอให้ติดคณะที่อยากเข้านะครับ,141
212,7119468892199879451,2022-07-12 12:55:33,หู้วววเขามาดูอีกทีตกใจเลยค่ะ ขอบคุณที่เข้ามารับชมและให้กำลังใจนะคะ สู้ไปด้วยกันนะคะ อนาคตจะเป็นยังใงเราไม่รู้ แต่ทำวันนี้ให้ดีที่สุดสมดั่งฝันนะคะ🥰✌🏻,11
213,7119442336878854938,2022-07-12 11:12:31,มหาวิทยาลัยในฝันเลยอะต้องเขาให้ได้😾👊,24
214,7119066032941875994,2022-07-11 10:52:17,ต้องเข้าให้ได้🥺,41
215,7119180822313386778,2022-07-11 18:17:52,ใฝ่ฝันว่าจะไปต่อมหาลัยขอนแก่นคณะแพทย์รอก่อนนะความฝัน👏🏻💗,20
216,7119414519000171291,2022-07-12 09:24:32,มหาลัยในฝันเลย,9
217,7119266301294871323,2022-07-11 23:49:50,ม.ขอนแก่นคือกว้างมากก,12
218,7119086789025727259,2022-07-11 12:12:48,ใช่ที่ๆซีนุนิวไปมั้ยคะ,19
219,7119112036026041114,2022-07-11 13:50:47,พี่คะ ขออนุญาตถามนะคะค่าเทอมคณะพยาบาลศาสตร์กี่บาทหรอคะ,7
220,7134339315149308698,2022-08-21 14:40:25,มหาวิทยาลัยข่อนแก่่นอยู่ภาคอะไรคะ,1
221,7119455467408458522,2022-07-12 12:03:31,พี่ผมก็เคยเรียนครับจบมาจะปีแล้วครับคณะเกษตรศาสตร์,4
222,7119453718667543322,2022-07-12 11:56:37,ใช่วันที่ไปติวพี่ซีนุนิวมั้ยคะ😅,4
223,7119480663900144410,2022-07-12 13:41:13,ผมอยากเข้าเหมือนกันเลยครับ🥰🥰,4
224,7119456998811517722,2022-07-12 12:09:26,หนูอยากเข้าคณะเกษตรศาสตร์คะ🥺,3
225,7119076941369705243,2022-07-11 11:34:34,สู้ๆๆค่าาา,2
226,7119462650144097051,2022-07-12 12:31:17,ค่ายของอะไรคะ,3
227,7121130071314940699,2022-07-17 00:22:06,ค่าย i one ของวันที่เท่าไรคะ,2
228,7119485983562105627,2022-07-12 14:01:56,สู้ๆนะมึงอยู่ข้างๆเสมอ🥰❤️❤️,3
229,7120805434180879131,2022-07-16 03:22:01,@krep.2009 เราต้องทำให้ได่ๆ,2
230,7119437857504953115,2022-07-12 10:55:08,มหาลัยในฝันเลยต้องเข้าให้ได้😁,2
231,7119456646216778522,2022-07-12 12:08:02,เปิดบันทึกได้ไหมครับ,2
232,7119436851718619931,2022-07-12 10:51:12,ขับรถผ่านจนเบื่อ5555สู้ๆนะคะขอให้พี่สอบติดน้าา🥰,2
233,7119441593815352090,2022-07-12 11:09:34,ทำได้เท่านั้น ปลอบใจตัวเองแพ๊พพ5555 🥺,2
234,7119459423383716635,2022-07-12 12:18:52,สู้ๆนะคะ มหาลัยในฝันเลยย🥰✌🏻✌🏻,3
235,7119460750897136411,2022-07-12 12:23:58,ในที่สุดเจอสักที่ คนที่ไปติวด้วย555,2
236,7119427076810130202,2022-07-12 10:13:22,รอต้อนรับนะค๊า🥰,2
237,7119447276623348507,2022-07-12 11:31:39,ไปงานเดียวกันเลยยย,3
238,7089047350651454234,2022-04-21 13:24:31,มหาวิทยาลัยที่ใฝ่ฝัน🥰,1598
239,7089235941076288282,2022-04-22 01:36:34,คนตีกลองใช่พี่วอร์ไหมค่ะ,808
240,7089089417789014811,2022-04-21 16:07:59,รัก,324
241,7089238272207029018,2022-04-22 01:45:28,ม.ที่อยากเข้าที่สุดแหละฝันว่าอยากเข้าจะเข้าให้ได้เลย🥰,265
242,7089248146836144923,2022-04-22 02:23:48,เราก็คนขอนแก่น,70
243,7089651355702444827,2022-04-23 04:28:23,😊😊😊 มาเรียนได้เด้อ ขอนแก่นยินดีต้อนรับ😳,8
244,7089236301551043354,2022-04-22 01:37:55,มหาวิทยาลัยไฝ่ฝันที่อยากเรียนค่าา🥰🥰🥰,63
245,7089059112814068506,2022-04-21 14:10:12,ม ในฝัน🥰,33
246,7089270060795495194,2022-04-22 03:48:49,เราอยู่ขอนแก่น🥰🥰,10
247,7089223081390244635,2022-04-22 00:46:39,เพลงอะไรหรอครับ,18
248,7089410843456209690,2022-04-22 12:55:03,ขอมหาวิทยาลัยมหาสารคาม คณะศึกษาศาสตร์ หน่อยค่ะ,7
249,7089373392755376922,2022-04-22 10:29:49,ซักวันหนูจะติดที่นี่ให้ได้,7
250,7089429263359066906,2022-04-22 14:06:33,งุ้ยคลิปอันสุดท้ายมีพี่วอร์ดั๊วว☺❤,3
251,7089439543010673434,2022-04-22 14:46:24,ม.ที่อยากเรียนเมื่อเล่นจบก็ม.ขอนแก่นนี้แหละ,4
252,7089631730940134170,2022-04-23 03:12:17,ขอให้ทุกคนสอบผ่านม.นี้นะคะทำให้เต็มที่ มันยากนะยากจริงๆเต็มที่ให้ที่สุดนะคะ💗,2
253,7089215630046053147,2022-04-22 00:17:51,ขึ้นฟีดสงสัยได้เรียนที่นี่แน่นอน,0
254,7089609439074108187,2022-04-23 01:45:50,"แม่บอก ว่าถ้ามีโอกาสอยากให้ไปเรียน ค่าเทอมถูกแต่สอบเข้ายาก
ค่าเทอมถูกจริงหรอค่ะ",1
255,7089236901475287834,2022-04-22 01:40:15,🥰👩🏼‍⚕️🤍,2
256,7103021527671096090,2022-05-29 05:11:29,ฉันผู้เข้าไปเกือบทุกวัน,1
257,7089412431763571482,2022-04-22 13:01:12,@mr._.mxw หมิวๆ,1
258,7105271355968520987,2022-06-04 06:42:01,มีลายอยู่แขนสามารถเข้ามหาลัยขอนแก่นได้ป่าวขอสอบถามคนรู้ค่ะ,1
259,7104844194170077978,2022-06-03 03:04:21,ขอมหาวิทยาลัยกรุงเทพหน่อยค่ะ😅🥺#มหาวิทยาลัยที่ไฝ่ฝัน🥰😅,1
260,7089064299079533338,2022-04-21 14:30:23,คิดถึงมอเลยค่ะ🥰,3
261,7089247033340756763,2022-04-22 02:19:30,@junexxix1 มหาวิทยาลัยที่กูอยากเข้า😳,1
262,7089301234552668955,2022-04-22 05:49:44,ม.กรุงเทพ พี่บุ๋นหน่อย,1
263,7089291328303596315,2022-04-22 05:11:22,ขอนแก่นน,3
264,7089058110257513242,2022-04-21 14:06:15,ขอมหาลัยพิษณุโลก หน่อยค่า,2
265,7089197256054047515,2022-04-21 23:06:39,สายแนน คือ อะไร ครับบ,1
266,7089537407058002714,2022-04-22 21:06:33,ขอ วิทลัยเกษตรมหาสารคามหน่อยคับบเทออ,1
267,7089446987716117275,2022-04-22 15:15:23,ภูมิใจจากเด็กใต้นครศรีธรรมราช ได้ไปเรียนที่มอขอนแก่นปี 31 คิดถึงและรักเสมอที่ให้ อนาคตดีๆกับเด็กคนนี้,1
268,7101787628676301569,2022-05-25 21:23:23,beautiful 🥰🥰,0
269,7101330667971248897,2022-05-24 15:49:58,🥰Wow wow,0
270,7100279002119996162,2022-05-21 19:49:06,اللي ب السياره الزرقا انها الحكومه ي ساده اضبطت عيونه صح هههههههههههههههههههههههههههههههههههههههههههههههههههههههههههههه,73
271,7100329456598467330,2022-05-21 23:05:06,خلونا صريحين القلب هو اللي محلي المقطع هههههههههههههههههههههههههههههههه .,188
272,7100225172825178881,2022-05-21 16:20:07,الي تصفق ومتكيه على الشباك تجننن,16
273,7100211349346943745,2022-05-21 15:26:28,نسأل الله السلامة والعافية,13
274,7100226091654071042,2022-05-21 16:23:37,هذا الباص الي تدفع في التذكره10000 وانت مغمض,8
275,7100208635254948609,2022-05-21 15:15:56,يقلبي🥺,19
276,7100187383186342657,2022-05-21 13:53:27,تحمست اتخرج🥺,9
277,7100216991776391938,2022-05-21 15:48:21,أحبنا يابنات 🫂❤️❤️,8
278,7100225603835953921,2022-05-21 16:21:47,@abda112233 يلوموني بحب البنات 🥺🥺,9
279,7100208924473066242,2022-05-21 15:17:03,ياحياتي احب كل البنات 🥺🥺🥺♥️,9
280,7100251989766046466,2022-05-21 18:04:12,هاذ قلبي من الداخل😂😂,13
281,7100229208638767873,2022-05-21 16:35:45,رايحين يقدمون على كافيهات 😂😂😂😂,6
282,7100261034354885378,2022-05-21 18:39:19,اللي تسوي قلب هي اللي كل الدفعة يحبها,6
283,7100251796803027713,2022-05-21 18:03:27,يجننونن💖💖💖💖💖💖💖💖,6
284,7100205416323859201,2022-05-21 15:03:26,الله يسعد البنات 🥺🥺🥺🥺,6
285,7100516731756036865,2022-05-22 11:11:30,ام القلب تراني عشقتس😩❤️‍🔥,6
286,7100204335115535106,2022-05-21 14:59:12,يقولون الثقل زين 😏,6
287,7100220099956998914,2022-05-21 16:00:25,المفروض الجلوس اثناء القيادة 🥺,5
288,7100478827356881665,2022-05-22 08:44:26,الباص الي كل ولد يحلم فيه💔🥲,5
289,7100203017865806593,2022-05-21 14:54:09,كيف كذا,5
290,7101182688761545473,2022-05-24 06:15:47,البنت اللي سوت قلب واللي تحتها لابسه نظاره تراكم اخذتو قلبي,4
291,7104234931387319041,2022-06-01 11:39:58,انا اللي سويت لك قلب 😭😭😭💓,4
292,7132803266824258305,2022-08-17 11:20:30,اي والله,4
293,7119620073853682434,2022-07-12 22:43:20,لطيفات حبايبي😟😟,3
294,7104740050327388930,2022-06-02 20:20:11,من الفهاوى قعدا اسلم عليهم من الجوال 😂😂😂😂,2
295,7101063189110293249,2022-05-23 22:32:19,يحلوهم بس 🥺🤍,2
296,7104668295546782466,2022-06-02 15:41:43,يهبلووونننننن كيف ما سحبتي الي سوت قلب😭😭💔,2
297,7100100889687835393,2022-05-21 08:17:49,"off
vary nice you
aunty",1
298,7099520316023718658,2022-05-19 18:44:55,congratulations 🎊,1
299,7099901719253189377,2022-05-20 19:25:02,Is it a bus or a plane?,1
300,7099734979873768194,2022-05-20 08:37:58,After achieving the goal....... hot weather doesn't matter 🥰,0
301,7100850057315287854,2022-05-23 08:45:41,🥺🥺🥺,0
302,7100680726181724930,2022-05-22 21:48:08,@handcrafts400,0
303,7099725512859943681,2022-05-20 08:01:13,hahahahha really funny,0
304,7099544877495108353,2022-05-19 20:20:22,ok😅,0
305,7100238998505210626,2022-05-21 17:13:47,wow beautifull❤,0
306,7100105712675832577,2022-05-21 08:36:31,Nice,0
307,7099698228429341442,2022-05-20 06:15:16,I wa lovely,0
308,7100097368661558018,2022-05-21 08:04:09,congratulations 🎉🎉🎉🎉🎉,0
309,7099668135787741953,2022-05-20 04:18:36,Hi ❤️🌹💝🤝♥️,0
310,7099095587768828673,2022-05-18 15:16:43,ما لمحتي غيداء عبدالله,1294
311,7099089002157900545,2022-05-18 14:51:09,دوري لناااااا غيداء 😢,773
312,7099240312295768833,2022-05-19 00:38:35,مين غيداء ذي اللي بكل فديو لحفلة التخرج احصلكم تسالون عنها🦦,9
313,7099115228642099970,2022-05-18 16:32:58,ذا وانتو في ابها عاد لو تجين الاحساء تنصدمين 😂😂😂,37
314,7099138877612835585,2022-05-18 18:04:46,مين غيداء هذي ؟,8
315,7099123796078183170,2022-05-18 17:06:13,انا ابغى اتخرج وراضي اكون تحت الشمس🦧,8
316,7099106233080546049,2022-05-18 15:58:04,@bi.hr شوفي العبايه من ورا كذا صح,9
317,7099123585205617410,2022-05-18 17:05:23,انا حته اليوم حراره و سويتش مفي الشي,8
318,7099127025025516289,2022-05-18 17:18:44,نزلت مقطع لي وصلوه ١٠٠٠ بس 🙂,9
319,7099094409698099969,2022-05-18 15:12:10,الف مبروك التخرج🤍🤍,19
320,7099095522153874178,2022-05-18 15:16:30,واو مع غيداء عبدالله😔,345
321,7099097122079130369,2022-05-18 15:22:41,مبروكككككين جامعة الملك خالد وحده وحده ♥️♥️♥️♥️,13
322,7099107298887058178,2022-05-18 16:02:14,ما نزلت جيزان عشان تشوفي الحر صح,8
323,7099230603811488514,2022-05-19 00:00:56,خذلك احنا الحفل في محايل والجو 🔥😭🎓,7
324,7099147409254728450,2022-05-18 18:37:52,مستقبل بارستا الجميع 😂😂,23
325,7099103442207638274,2022-05-18 15:47:16,ماشاء الله كيف يثبت لك القبوع؟,10
326,7099074634124968705,2022-05-18 13:55:23,حارسه امن🥰,13
327,7089397117185508122,2022-04-22 12:01:49,งื้อเก่งมากเลยค่าา หนูก็อยากจะไปอยู่จุดๆนั้นบ้างdek68ควรเริ่มยังไงคะ,1966
328,7089396451880616730,2022-04-22 11:59:11,พี่เก่งจังค่ะ หนูdek68จะเริ่มยังไงดีคะ,801
329,7089412162884109082,2022-04-22 13:00:13,#dek67 แต่ไม่รู้จะเริ่มไงพี่เก่งจัง🥺,556
330,7089409381762761498,2022-04-22 12:49:27,ยินดีด้วยนะคะ 66ตอนนี้ยังไม่ได้เริ่มอะไรเลย ไม่มีฐานเริ่มต้นอะไรกับเขาเลยญานที่สำคัญอย่างการเงินก็ไม่มี55555,427
331,7089469322770760475,2022-04-22 16:42:14,dek69 ค่ะ อยากไปเรียน มข. คณะเภสัชศาสตร์ แต่พ่อกับแม่อยากให้เรียนพญาบาลตำรวจ เราควรเลือกอะไรดีคะ..,27
332,7089464794327401242,2022-04-22 16:24:37,อะไรคือdek70หรอคะTT,52
333,7089412664241390363,2022-04-22 13:02:06,dek70 ยังไม่รุ้เลยจะเรียนคณะไรเเต่ อยากเข้าไปดู มข.มากก,106
334,7089448907733730074,2022-04-22 15:22:44,เธอคือแรงบันดาลใจฉันฉันจะพยายามไปยืนจุดนั้น🤍,11
335,7089406957530645275,2022-04-22 12:40:04,ยินดีด้วยนะครับคนเก่ง🫶🏻💫,63
336,7089412623104213786,2022-04-22 13:02:02,dek68อยากเข้ามข.มากๆแต่ยังไม่เริ่มทำอะไรเลอ,30
337,7089412026677920539,2022-04-22 12:59:40,ยินดีด้วยนะคะ ขอให้มีความสุขกับชีวิตนิสิต มข.น้าา เก่งมากค่าคนเก่ง💗🌷✨,15
338,7089439923329401626,2022-04-22 14:47:55,ยินดีด้วยนะคะ ปี67หนูก็จะพยายามเข้ามข.ไปเจอพี่นะคะ🫶🏻🫶🏻,7
339,7089401100302484250,2022-04-22 12:17:20,ยินดีด้วยนะค้าาาา ยินดีต้อนรับค่าาาา🥰🥰🥰,18
340,7089403865602409242,2022-04-22 12:28:00,เชื่อมั่นในตัวเองมากๆ congratulations นะคะ ขอไห้ใช้ชีวิตมหาลัยอย่างมีความสุขน๊า🥰,6
341,7089423853348569882,2022-04-22 13:45:33,อยากให้แนะนำหนังสือที่อ่านหน่อยได้มั้ยคะ,5
342,7089479439674983194,2022-04-22 17:21:35,Dek71 คิดไว้แล้วว่าจะเรียนที่ไหน/คณะอะไร แต่ยังคิดไม่ออกว่าจะทําอาชีพอะไรดี,4
343,7089450922472031002,2022-04-22 15:30:37,อยากเข้ามข.เหมือนกันเลยค่ะ🥰,3
344,7089434076478407450,2022-04-22 14:25:17,ยินดีด้วยนะคะ เดี๋ยวตามไปปปป🥹,3
345,7089470198919168794,2022-04-22 16:45:46,congratulationsนะคะคนเก่ง🤍🫂,2
346,7089415011642311450,2022-04-22 13:11:12,เปิดพอร์ตได้มั้ยคะ สนใจเหมือนกันเลย เด็ก66งับ ขอบคุณมากค่า🥺,1
347,7089429807775777562,2022-04-22 14:08:42,dka68เหมือนกัน แต่ติดที่ว่าเรียนสายอาชีพ แต่อยากเข้าบัญชีมข.มาก เป็นความฝันอีกอย่างนึงเลยที่อยากเข้ามหาลัยนี้🥺😢,3
348,7089411058796004123,2022-04-22 12:55:53,ยินดีด้วยนะคะคนเก่ง🤍💐,2
349,7089414893971309338,2022-04-22 13:10:48,เปิดพอตให้ดูหน่อยค่ะเธออ,1
350,7089408850054759195,2022-04-22 12:47:22,ดีใจด้วยนะคะ คุณเก่งมากๆ🎉,1
351,7089417778523915034,2022-04-22 13:21:57,ยินดีด้วยนะคะคนเก่ง พี่เก่งมากๆเลย🤍,4
352,7089402975579374362,2022-04-22 12:24:31,congratulations นะคนเก่งข้ามไปอีกขั้นเเล้วสู้นะคะขอให้ประสบความสำเร็จน้า💓,5
353,7089527039543411483,2022-04-22 20:26:36,สักครั้งในชีวิต อยากเข้ามากๆ,3
354,7089410750632035099,2022-04-22 12:54:40,หู้วนิติที่อยากเข้า🥰,2
355,7089603502498611994,2022-04-23 01:22:54,ยินดีด้วยนะคะ เก่งมากๆเลยคนเก่งงง,2
356,7089416548238213914,2022-04-22 13:17:11,ยินดีด้วยนะคะได้โอกาส แล้วจงทำให้เต็มทีที่สุด💪🏻,3
357,7114195891633308417,2022-06-28 07:54:41,ไม่ได้เนียนเป็นน้องนะ เนียนจีบน้อง🙈,1642
358,7114212477868655387,2022-06-28 08:57:58,พี่เนียนไหมหละ😂😂 พี่ไป๋น่าเด็กมากค่ะ,243
359,7113901765200167707,2022-06-27 12:52:15,หนูจำได้ตั้งแต่เห็นหลังพี่แล้ว😅,519
360,7114512589716325147,2022-06-29 04:22:37,เสียงเหมือนแบมแบมเลย,44
361,7114205739232690971,2022-06-28 08:31:49,โหววววอยู่กลุ่มEเหมือนกันค่ะ สงสัยในใจบ่อยมากกก[พี่ผญ.สวยมากกค่ะสวยเเบบตะโกน😭],100
362,7114592040247165722,2022-06-29 09:30:53,เสียงอย่างกับแบมๆ,24
363,7114243058216092443,2022-06-28 10:56:37,อยากรู้เรื่องระยะห่างระหว่างอายุกับเพื่อนมันส่งผลอะไรมั้ยครับ,41
364,7114368894034936602,2022-06-28 19:05:30,พี่เนียน ตัดมาทีาเรา 23 ปี2 555 ค้นหาตัวเองนานไป,8
365,7115027063790945051,2022-06-30 13:38:59,ทำไมต้องมีพี่เนียนหรอคะ😅,1
366,7115502641966334747,2022-07-01 20:25:12,พี่อยู่คณะอะไรคะ,0
367,7115014392245699355,2022-06-30 12:49:52,เสียงลีลาการพูดคล้ายแบมแบมเลยอ่ะ,1
368,7114793137042670363,2022-06-29 22:32:03,วันที่25ใช่ไหมเหมือนเห็น,0
369,7114316790218818331,2022-06-28 15:42:53,เพื่อนที่ชื่อเมลด้า(?) น่ารัก,2
370,7115332514289992475,2022-07-01 09:24:16,ผมจำพี่ได้ตั้งแต่เห็นเลยครับ เห็นถือกล้องมาด้วย ก็คิดว่ามาถ่ายรูปเฉย ๆ ไม่คิดว่าเป็นพี่เนียน จำได้แต่ไม่กล้าทัก เขิน😁,0
371,7114613981784130331,2022-06-29 10:56:00,เสียงเหมือนแบมแบมเยย😳,1
372,7114594076708455195,2022-06-29 09:38:51,อยู่FAเหมือนกันคร้าาาาร แต่น้องอยู่V แงงงง,1
373,7114586475215553306,2022-06-29 09:09:15,ขอดูตอนเฉลย555,1
374,7114192659074417435,2022-06-28 07:41:09,Fc,3
375,7115050008593154843,2022-06-30 15:08:04,ผมอยากเป็นพี่แฝงบ้าง น่าสนุก😂,0
376,7133252259093480219,2022-08-18 16:22:04,จำได้ค้าบบบบบ,0
377,7119079217094935322,2022-07-11 11:43:27,อยู่กลุ่มเดียวกันนน ว่าแล้วเชียวว,0
378,7137292506173489946,2022-08-29 13:40:16,ที่นู้นเรียกพี่เนียน หรือพี่แฝงคะ😅,0
379,7136173797925471003,2022-08-26 13:19:08,คณะอะไรหรอคับ🥺,0
380,7010222978466792194,2021-09-21 03:25:43,หน้าเพื่อนแบบ อุสาห์ตั้งใจฟังตั้งนาน🤣🤣,2617
381,7010101486542029594,2021-09-20 19:35:12,อ่าาพึ่งรู้ว่าแมสมันสามารถเป็นที่วางแว่นได้ด้วย เก๋สุด,1296
382,7010180834972058395,2021-09-21 00:42:09,ก็ตั้งใจดูไปดิ😂😂,619
383,7010230930682004225,2021-09-21 03:56:32,เมื่อคุณทำงานดึกเกินไป55555,316
384,7010334055938556699,2021-09-21 10:36:40,เรียนเยอะ555,98
385,7010602190318584603,2021-09-22 03:57:07,อย่าว่าแต่เพื่อนพี่ตั้งใจดูเลย หนูเองก็ตั้งใจดู555,63
386,7010288286527030043,2021-09-21 07:39:03,ได้เวลาเอาไปเล้นมั่ง555555,33
387,7010190636704170779,2021-09-21 01:20:10,หน้าเพื่อนคือแบบบ😂เถอะจ๊ะ,109
388,7010228753779458843,2021-09-21 03:48:00,จังหวะโบ๊ะบ๊ะมาก 😁😁😁,56
389,7010368970403037978,2021-09-21 12:52:08,ผมรู้สึกว่าพี่ๆขอบตาไม่ไหวเเล้วนะ5555,11
390,7010373329777984282,2021-09-21 13:09:02,อย่างนี้ก็ได้หรอ น่ารักไปปาวเธออ🥰🥰🥰,8
391,7010171307656774402,2021-09-21 00:05:13,55ได้เล่น น่ารัก😂😅,11
392,7010595108479730459,2021-09-22 03:29:40,น่ารักอยู่นะ,6
393,7010309948089991963,2021-09-21 09:03:08,มันคือรูปอะไรหรอ,6
394,7010237354719871771,2021-09-21 04:21:22,ขำหน้าเพื่อน 😂,6
395,7010192000402129690,2021-09-21 01:25:26,เขินจริงๆเลยนะถ้าเจอแบบนี้555,6
396,7010222319684240155,2021-09-21 03:23:04,คิมิโนโต๊ะน่าจะคู่หลังมากกว่า😂😂,5
397,7009975797398635291,2021-09-20 11:26:25,อันนี้ผ่านค่าาาาาา💖😂,5
398,7018034997382677275,2021-10-12 04:40:13,ก็คิดว่าจะมีเราคนเดีนวที่เล่นแบบนี้😂,4
399,7010442361365480218,2021-09-21 17:37:16,สายตาเพื่อนคือบับบ กูเอือมมม😂,4
400,7010201626569147138,2021-09-21 02:02:52,เอาไป3เฉียบ,5
401,7010757295102018305,2021-09-22 13:59:00,เมื่อทำlabไปแล้วไม่ได้ตามเป้าอาการออกมาเป็นแบบนี้😅😅,4
402,7010440109640811266,2021-09-21 17:28:11,เราจับหัวใจไม่ได้อ่าาา อิโมจิไหนอ่าคะ?,5
403,7010404943941550874,2021-09-21 15:11:44,เราที่ลากเล่นตอนเด็ก ไม่ให้มันหายไป😂,3
404,7010723405733315355,2021-09-22 11:47:30,กะว่าแม่นหยัง โอ้ยน้อ😅,3
405,7010421881745113882,2021-09-21 16:17:34,ถ้าอยากส่งจดหมายหาคนใส่แว่นนี่ทำยังไงได้บ้างคะ,3
406,7010188240137519874,2021-09-21 01:10:54,ทำไมเรายิ้มตาม,5
407,7011343743437931291,2021-09-24 03:54:45,@ttii458 พว.ต้องเจอเเบบเน้🤟🏻,1
408,7010220285916381979,2021-09-21 03:15:11,หน้าเพื่อนไปแล้ว😂,3
409,7010258373866488603,2021-09-21 05:42:57,มุขจีบสาวตอนผับเปิด เบาได้เบานะ,2
410,7037115924205617947,2021-12-02 14:44:11,อยากให้รีวิวเกี่ยวกับคณะที่พี่เรียนหน่อยค่ะ,207
411,7037033001661874970,2021-12-02 09:22:24,🥰🥰จบพร้อมเพื่อนคือเริ่ดด อยู่ด้วยกันจนจบสุดยอดมากๆค่า,867
412,7037041618176443162,2021-12-02 09:55:55,ใช่ม.ขอนแก่นไหมคะ,241
413,7037032525717635866,2021-12-02 09:20:33,ถ้าจบจากม.ขอนแก่นจะได้ใส่ชุดครุยแบบนี้ทุกคณะรึป่าวคะ,11
414,7037036100753457946,2021-12-02 09:34:25,คลิปที่ใช้เวลาทำนานมากด,8
415,7037050622922785563,2021-12-02 10:30:45,อยากให้เปิดบันทึกจัง😳🥰( มข.คือความฝันซักวันหนูต้องทำมันให้สำเร็จ💗),44
416,7037042292494123777,2021-12-02 09:58:16,เก่งจังเลยยย🥰,71
417,7037096041019753242,2021-12-02 13:27:00,แงง คิดว่ามีแต่เราที่เขียนชื่อตัวเองแบบนี้ฮือออ ยินดีด้วยนะคะ💖✊🏿,10
418,7037036403012354843,2021-12-02 09:35:42,สักวันหนูจะเป็นเเบบพวกพี่ให้ได้เลยย🥰,6
419,7037048982585262875,2021-12-02 10:24:25,ยินดีด้วยนะค่ะ💗,7
420,7037050633094284059,2021-12-02 10:30:49,พี่เรียนคณะอะไรหรอคะ?,6
421,7037040699070169883,2021-12-02 09:52:21,สวย วิทยาลัยอะไรหรอค่ะ ถ้าจะว่าขอนแก่นก็กลัวว่าจะไม่ใช่😂,5
422,7037090603356341019,2021-12-02 13:05:54,@ig.wajeepor_n หาวันไหนที่ทำชุดเชฟเเล้วถ่ายใว้บ้าง ปีนี้ได้ทำคริปเเบบนี้เเน่นอน✌️💗,3
423,7037049616918938395,2021-12-02 10:26:50,ยินดีด้วยคะ,3
424,7037071876526883611,2021-12-02 11:53:10,@thicompon งั้มๆๆๆ,3
425,7037049442205926171,2021-12-02 10:26:14,@chomphu24_ @☆ᴅᴀᴡʏᴇs☆(รับตัดคลิป) หาฝนบ่เจอ,5
426,7037112893485744923,2021-12-02 14:32:28,@knampang07 @_bampqx @kaem_0598 รอวันนั้นเลย!,2
427,7037046240395559706,2021-12-02 10:13:45,@biteylolza25 เรียนที่เดียวกันคณะเดียวกันมหาวิทยาลัยเดียวกัน เอาบ่เพื่อนนนรักกกก,1
428,7037046167549018907,2021-12-02 10:13:32,รอวันของเรา อีก3ปี🥰 ยินดีกับพี่ๆด้วยนะคะ,1
429,7037116438368994074,2021-12-02 14:46:14,บิวตี้น่ารักจังเลย💖💖,1
430,7037101192786543386,2021-12-02 13:46:59,ยินดีกับพี่ๆด้วยนะคะ เด็ก66อย่างหนูจะพยายามทำให้ได้เหมือนพี่เลยค่ะ,1
431,7037092999460897562,2021-12-02 13:15:06,@pan.nrm อยากมีคลิปแบบนี้กับหมู่เนาะ,1
432,7037090275562652442,2021-12-02 13:04:35,หวังว่าปีนี้จะได้เป็นเด็กkkuบ้างนะคะ ❤️,1
433,7037046722153218842,2021-12-02 10:15:37,@wunsen123456788 ป่ะอีก5ปี/////ยินดีกับพี่ๆด้วยนะค่า🥰,3
434,7037046308603462427,2021-12-02 10:14:03,@chutima_79 @gam249 สักครั้งนะ🥰🥰,3
435,7042967226038928154,2021-12-18 09:10:11,@sudarat5043 @dydfzvkc37qt สักวันพวกเราต้องไปให้ถึงจุดนี้🥰😻🤍,3
436,7037053036736873242,2021-12-02 10:40:08,@nichadasaewa @prangthipsaesong จบไปด้วยกัน,1
437,7037045249843626778,2021-12-02 10:09:56,ยินดีกับทุกความสำเร็จของพี่ๆนะคะ🥰,2
438,7037055419931869979,2021-12-02 10:49:21,ไข่ มหาวิทยาลัยขอนแก่น มั้ยค่ะ จำหอประชุมได้ค่ะ😅😅😏,1
439,7037072062921589530,2021-12-02 11:53:55,@jalalek___gars__6 พวกเราจะต้องทำให้ได้จบไปพร้อมๆกัน💪,1
440,6995820122858930970,2021-08-13 07:55:12,มข.ไม่เคยให้ผิดหวัง55555,473
441,6995862563435725595,2021-08-13 10:39:53,ซีรีย์สักเรื่อง🥺,169
442,6995810474084909850,2021-08-13 07:17:45,ดีไปหมด😳,194
443,6995873347595289370,2021-08-13 11:21:44,ตอนนี้มาร์คน่าจะซิ่วไปเรียนปกครองเเล้วนะครับไม่น่าจะเรียนนบ.เเล้วงับ,41
444,6995854207010636570,2021-08-13 10:07:28,"tiktokพี่มาร์คชื่อไรหรอคะเเอด
#ตอบเเทนได้ค่าา",25
445,6996282676525613851,2021-08-14 13:50:06,ทรงผมทรงไรคับ,2
446,6995874107837416219,2021-08-13 11:24:38,นิติเรียนยากมั้ยคะหนูกำลังเรียนสายนี้อยู่เลยค่ะ🥺,4
447,6995830569804841754,2021-08-13 08:35:44,ิำื_ัทถนวนมถวน,4
448,6995791312993829658,2021-08-13 06:03:21,งื่อๆๆๆ,4
449,6995896348776366875,2021-08-13 12:50:56,เตรียมตามไปเรียนค่ะ😂,3
450,6997635153099539227,2021-08-18 05:18:24,@bjdjdjdxbxbdb ขอชื่อฟิลเตอร์หน่อยได้มั้ยคะ555,2
451,6995812026212270875,2021-08-13 07:23:47,โห่ววว🥺,2
452,6995809530555073307,2021-08-13 07:14:05,น่ารัก🥰,2
453,6995814795341939483,2021-08-13 07:34:30,น่ารักชิบบบบ😳,2
454,6995951873019003674,2021-08-13 16:26:29,@phonchanit_ เด็กนิติก็ดีนะว่าไป55555555,1
455,6995950921847063322,2021-08-13 16:22:47,มะมะมั่ยนะ ใกล้มาก,1
456,6995919637267497755,2021-08-13 14:21:18,มูฟออนจากคลิปนี้ไม่ได้😂,1
457,6995946356779762459,2021-08-13 16:05:05,กลับบ้านเกิดดีกว่า5555555,1
458,6995963936449430298,2021-08-13 17:13:20,นึกว่าพี่first,1
459,6995896483120104219,2021-08-13 12:51:29,เกินต้านนน😳,1
460,6995839185467097882,2021-08-13 09:09:09,พี่ตัดทรงผมไรครับ,1
461,7008803762089607963,2021-09-17 07:38:22,@katsaratangsee ป้ะ,1
462,6995906932813218586,2021-08-13 13:32:01,เก่งจังค่ะ,1
463,6995837924872848155,2021-08-13 09:04:14,คณะเดียวกันเลยย55,0
464,6995838185070986010,2021-08-13 09:05:17,ดี...ดีอยู่..ดีเลยแหละ😂🥰,0
465,6995827054562788122,2021-08-13 08:22:05,แอบเห็นในไอจี😳,0
466,6996133792365036315,2021-08-14 04:12:24,@iiiiiccream อยากเรียนนิติอ่ะ,0
467,6997014829349471003,2021-08-16 13:11:13,ใครกินปุ่มบันทึก5555,0
468,6996840678534021915,2021-08-16 01:55:29,อือหือออดาเมจรุนแรงมากกกก,0
469,6996175620396827419,2021-08-14 06:54:41,หึ้มมมมม,0
470,7017193681732649729,2021-10-09 22:15:35,يمه شقلتي ههههههههههههههههه,937
471,7017223131086127874,2021-10-10 00:09:58,احس الدكتوره مثقفه وطيبه بتمشيها لك😭,3429
472,7017244970662937346,2021-10-10 01:34:38,اختك حنوننه جداّلمن تقول لا تجلسي تبكين على كل شي❤️🥺,2153
473,7017205983265489666,2021-10-09 23:03:20,يمه الدكتوره سكوت ماقبل العاصفة,1878
474,7017201827335160577,2021-10-09 22:47:13,قولي انا للحين تحت تاثير البنج 🤣🤣🤣,2020
475,7017329186306605826,2021-10-10 07:01:20,يازين اختك واضح تهتم لك مره,653
476,7017329598032200450,2021-10-10 07:02:55,بسمه شكلك بتحملين الماده,738
477,7017401268797457153,2021-10-10 11:41:02,يا دكتورة بسمة لسى تحت تأثير البنج😂😂,196
478,7017210860620317441,2021-10-09 23:22:20,يمه يمه ياعمري عليها ما خاصمتك بس احس الزعل واضح من نبرتها 😭😭😭😭😭,268
479,7017395136539689729,2021-10-10 11:17:11,اصواتهم حلوه,29
480,7017197212766307074,2021-10-09 22:29:20,بسم الله صوتها 😥,245
481,7017524848822436610,2021-10-10 19:40:36,سواليفكم كيوت والله,51
482,7017203567207662338,2021-10-09 22:53:56,الدكتوره تصيدينها بكود رد,12
483,7017369926706414337,2021-10-10 09:39:25,اكتشفت انه في كثير بسمات كنت احسب اسمي نادر,69
484,7018604880512353026,2021-10-13 17:31:38,بنات لهجتكم خذت قلبي♥️♥️♥️♥️♥️,27
485,7017237952367805186,2021-10-10 01:07:26,لو انتي طالبتي اعطيك درجة الواجب كامله ههههه الله يوفقك يارب ،، طالما عملتي عمليه ارفعي تقريرك الطبي لها وهي تقبله,70
486,7017397946811712257,2021-10-10 11:28:06,سلميلي على درجاتك,84
487,7017207131389297409,2021-10-09 23:07:49,اختك لطيفه ، شكلها الاخت الكبيره 🥺♥️,10
488,7017401423910896385,2021-10-10 11:41:36,بخصوص صوت و لهجة الدكتور يارب يطقطق 🤡❗️,38
489,7018310007510860546,2021-10-12 22:27:30,ياربي حنية اختك 🥺❤️❤️,8
490,7017212450567160578,2021-10-09 23:28:25,يمممههعه يارب تكون طبيه و كيوت و ماتستقعد لك 😭,21
491,7017537200040641281,2021-10-10 20:28:31,أبغى أجلس في مجلس فيه أنتِ وأختك وأسمعكم تتكلموا طول اليوم ، ما شاء الله تبارك الله أصواتكم دافئة وأسلوبكم عسل، الله يحفظكم,10
492,7017407414513484546,2021-10-10 12:04:50,خلتك تقولين كل شي بعدين تكلمت,27
493,7017209139386401537,2021-10-09 23:15:31,الاستاذه صمت صمت صمت,36
494,7017212835491529474,2021-10-09 23:29:59,شوضعكم و انتم مصدقين! صوت الدكتوره واضح معدلين عليه,25
495,7017204136647623426,2021-10-09 22:56:11,شتتتت ههههههههه ياحياتي يابسمة!!,32
496,7017210448714040066,2021-10-09 23:20:40,ياالله صمتتتت يارب لا يحطنا بذا الموقف,10
497,7017366113445053185,2021-10-10 09:24:35,يممه صوت استاذة نهى الودعاني !!,7
498,7017378624135365378,2021-10-10 10:13:08,يمه كنت معك في هذي المحاضره 🙂✌🏻,16
499,7017273579385537281,2021-10-10 03:25:35,فرحت اني لقيت وحده زي اسمي واكتشفت ان كل البسمات فرحانين بالكومنت لهالدرجه اسمنا نادر 😂😫💙,7
500,6852326112354598913,2020-07-22 15:25:08,ถ้าพี่ใส่ช๊อปพี่จะเท่มากเลย,6
501,6852281084856745986,2020-07-22 12:30:21,น่ารักทะลุแมสเลยค้าบบบ😗,427
502,6852269840435773442,2020-07-22 11:46:45,น่ารักค้าบ😝,19
503,6852278422673178625,2020-07-22 12:20:01,แฝดเนเน่ไหมนิน่ารักกก,11
504,6852316354910076929,2020-07-22 14:47:14,เจอตัวแล้ววว พี่น่าย๊ากกมาก😍😍😍,11
505,6857703914071392257,2020-08-06 03:13:50,ต้องเตรียมตัวยังไงครับถึงจะสอบติดครับ🙏,7
506,6857379854766833666,2020-08-05 06:16:19,ถ้าเจอพี่พร้อมอย่าลืมมาเล่าให้ฟังนะคะ55555,10
507,6852356291529031681,2020-07-22 17:22:18,น่ารักไม่ไหวแล้วว💗😘,3
508,6864031398249578498,2020-08-23 04:27:37,"คณะพี่พร้อมหนิ
พี่เรียนสาขาอ่ะไรค่ะ",11
509,6852371713964195842,2020-07-22 18:22:19,ตกหลุมรักอย่างแรง😂,6
510,6852328836299243521,2020-07-22 15:35:42,ขนาดเป็นผู้หญิงยังชอบเลย น้องน่ารักมากก,6
511,6852267371911413761,2020-07-22 11:37:09,พี่เรียน สาขาอะไรคะ,5
512,6852334146443067394,2020-07-22 15:56:18,ดงปราช แต่งคะ,5
513,6852312794457620482,2020-07-22 14:33:24,พี่น่ารักจังงงง🥰,4
514,6852283881291743233,2020-07-22 12:41:12,อยากเข้า มข มากค่ะ🥺ขอวิธีเตรียมตัวสอบหน่อยค่ะไม่มีไฟเลยแง,4
515,6852563974303825922,2020-07-23 06:48:07,น่ารักเกินไปแล้ว มข. ปีนี้ ยอมเลยงื้อออ,2
516,6852276363513528321,2020-07-22 12:12:02,แง๊ ว่าแล้วทำไมคุ้นๆ,3
517,6852602478014513154,2020-07-23 09:17:32,เห็นพี่เมื่อเช้าในเพจ🥰🥰,2
518,6854433709077200897,2020-07-28 07:43:38,ทำไงอยากรักษาใจน้องนะคะ,2
519,6852486305289404418,2020-07-23 01:46:45,สอบวิศวะยากมั้ยครับบ,2
520,6852319290813612033,2020-07-22 14:58:37,อืออหือออ,2
521,6852295979593400322,2020-07-22 13:28:08,สวยทะลุแมสเลย💓,2
522,6852654896823664641,2020-07-23 12:40:55,หู้ยยยยยย!สวย👍,2
523,6852295695483912194,2020-07-22 13:27:02,คนชื่ออั้มน่ารักเสมอ,2
524,6852304914958794753,2020-07-22 14:02:50,สู้ๆน้าค้า✌️✌️✌️✌️,2
525,6852285785786433537,2020-07-22 12:48:35,หนูเจอพี่ในเพจด้วยยยย,3
526,6858816401415782402,2020-08-09 03:10:47,หืม น่ารัก,2
527,6852570516181155841,2020-07-23 07:13:32,อ่ยยย หลงเด้ออ•~•,2
528,6852659220522467330,2020-07-23 12:57:44,อีก 5 ปีเจอกันงับ มข.,2
529,6852952601101615105,2020-07-24 07:56:11,จีบ,2
530,6943945786678493185,2021-03-26 12:56:10,พี่คะขอถามได้มั้ยคะว่าพยาบาลมข.บังคับอยู่หอในมั้ยคะ,383
531,6943927915625136129,2021-03-26 11:46:48,งุ้ยย อยากเป็นพยาบาล มข 🥺,142
532,6943962438308331522,2021-03-26 14:00:46,พี่คะ รอบพอตนี่รับเกรดไหนขึ้นไปคะ,56
533,6945458253602603010,2021-03-30 14:45:18,พยาบาล มข ตอนสอบเข้ายากมากไหมคะ,12
534,6943983707443232769,2021-03-26 15:23:18,ไม่เลือกงานไม่ยากจน FC.พี่แป้ง NU ค้าบ😅😅,7
535,6944215864023826433,2021-03-27 06:24:18,คุณแม่ หน้าตาเหมือนแม่เราเลยตัวเอง อยากให้เห็นรูปจริงๆ555555,5
536,6944440042153033729,2021-03-27 20:54:18,พี่ผุ้ซึ่งเคยไปสอบ เมื่อ9ปีที่แล้วแต่ไม่ติด ต้องมาเรียนพยบ เอกชน นับถือน้องๆที่สอบติดเก่งมากค่ะ ข้อสอบยากมาก,3
537,6943965359624683521,2021-03-26 14:12:12,ผมขอถามหน่อยนะระหว่างคำถามไก่กับใข่อะไรเกิดก่อนกันกับเมื่อไหร่ประยุทธ์จะออกคำถามไหนหาคำตอบยากกว่ากันครับ🥺🥺🥺,3
538,6943996917022375938,2021-03-26 16:14:35,มข.รับสายศิลป์ไหมคะ,1
539,6943988033851047937,2021-03-26 15:40:06,เรียนอยากไหมคะ 🥺 รอสอบติดพยาบาล มข เลย,0
540,6943945767874904065,2021-03-26 12:56:07,😳😳,0
541,6948720569282232321,2021-04-08 09:44:45,อยากเห็น uniform พยาบาล มข.จังเลยค่ะ,0
542,6944104442120273921,2021-03-26 23:11:54,ข้อสอบมขยากไหมคะ,0
543,6943955597985824770,2021-03-26 13:34:14,จะเข้าสมัครยื่นพอตได้ไหมครับหรือต้งสอบเข้าอน่างเดีนวครับ,0
544,6943981709079887873,2021-03-26 15:15:33,งุ้ยพยาบาล มข. 🥰🥰,1
545,6946436436568834049,2021-04-02 06:01:09,อยากไป มข.อีกจังเลย🥺🥺💖,1
546,6943969367344906242,2021-03-26 14:27:44,พี่เข้ารอบไหนคะ,1
547,6963964153773998850,2021-05-19 11:37:38,สายอาชีพเข้า ม.ข ได้ไหมคะ,0
548,6957251671739138817,2021-05-01 09:29:47,พี่ค้ะขอถามน้ะค้ะพยาบาลมข.รับเกรดเท่าไหร่ขึ้นค้ะ😳,0
549,6977277647692989185,2021-06-24 08:40:51,ป้าเรียง55555 พี่เเป้ง5555 มาครบเลย,0
550,6948794109210083329,2021-04-08 14:30:08,คิดถึงคณะ,0
551,6948802608858120194,2021-04-08 15:03:07,ROV7BCXX5W8 ช่วยหน่อยนะครับ,0
552,6947190129656430593,2021-04-04 06:45:56,พี่คะ พยาบาล มข.จบมามีงานทำเลยไหมค่ะ,0
553,6946148476275638273,2021-04-01 11:23:43,@pikkajune @poyly7359 จ้ะนี่บ่,0
554,6946372783715008513,2021-04-02 01:54:11,😆😆😆,0
555,6945619283859079169,2021-03-31 01:10:23,😆🤣,0
556,7004023553557349147,2021-09-04 10:28:40,: ทุนน้อย เล่นสบาย @168,0
557,6951632078270152705,2021-04-16 06:02:58,พี่คะพยาบาล มข. ได้ใส่ชุดหมีไหมคะ,0
558,7138446490251346715,2022-09-01 16:18:26,งื้ออ คนที่มีไวไฟทุกหอออ,240
559,7138381701940511514,2022-09-01 12:06:58,พี่ฟาอัลมาทำอะไรครับ,3303
560,7138392061656761115,2022-09-01 12:47:06,ละเหมือนฟาอัลจริง😳,1920
561,7138386944295519002,2022-09-01 12:27:15,ฟอสต.เหมือนมากกกก,769
562,7138397067098391322,2022-09-01 13:06:35,ฟาอัลเหมือนมากค๊าาา5555555,331
563,7138413251976643354,2022-09-01 14:09:19,ฟาอัลเหมือนจริง555,163
564,7138436135450116891,2022-09-01 15:38:13,ฉันไม่คิดว่าจะเหมือนขนาดนี้ ฟาอัล555555,79
565,7138459158155690778,2022-09-01 17:07:33,โฟทน่ารักจังครับ,16
566,7138427663361835802,2022-09-01 15:05:16,บอลลี่น่ารักจังงื้อ,83
567,7138394663371031322,2022-09-01 12:57:15,หนุ่มกรีดยางหรือพี่อ้อมเอาดีๆ,58
568,7138401607096058651,2022-09-01 13:24:10,พี่ฟาอัลขับรถฟาอัลให้ดูหน่อยค่ะ,8
569,7138381472306004762,2022-09-01 12:06:01,ป๊าดคือมีแต่คนหน้าตาดีแท้,167
570,7138395775444960027,2022-09-01 13:01:32,แล้วเหมือนมาก ผักบุ้ง กุ้งนาง,29
571,7138399933580985115,2022-09-01 13:17:38,มัลติเวิร์สฟาอัล!!!,11
572,7138395879258800923,2022-09-01 13:02:00,เหมือนมาก ครั้งแรก!!!!,46
573,7138408926266393370,2022-09-01 13:52:37,ภูมิใจมากที่ได้เหมือนพี่ฟาอัลน๊าาา😳🥰😂,11
574,7138398789967282971,2022-09-01 13:13:15,ละคือเหมือนจริงง55555,9
575,7138522597217616667,2022-09-01 21:14:14,มีรหัสไวไฟทุกหอ555,6
576,7138391482494518043,2022-09-01 12:44:50,พี่อ้ออออออออออออออ,15
577,7138381853912482586,2022-09-01 12:07:33,กาล๊อนนนหายไปหนายยย แง,15
578,7138446471019741978,2022-09-01 16:18:17,ฟาอัล @Linglingisababegirl @AorJor,7
579,7138391676128887578,2022-09-01 12:45:36,คุณดรีมน่ารัก 💖,19
580,7138404478654513947,2022-09-01 13:35:17,กดหยุดแล้วอึ้งกับฟาอัลแปปนึง 555555เหมือนมากกกกกกก,7
581,7138406081676821275,2022-09-01 13:41:35,ฟาอัล1,7
582,7138397525958492955,2022-09-01 13:08:18,คนที่6 ฮยอนจินมากก,6
583,7138400702660969242,2022-09-01 13:20:35,สะพานขาว มข55555,6
584,7138395154038194971,2022-09-01 12:59:09,9.9ที่จะถึงนี้หรอฮรือTTอยากไปแต่กระทันหันไป🥺🥺🥺🥺,6
585,7138397156915299098,2022-09-01 13:06:57,55555เหมือนจีงงงง,6
586,7138465678378287898,2022-09-01 17:33:03,พี่ชาล็อตออสตินสวยมากค่ะ,4
587,7089067633278026522,2022-04-21 14:43:13,รีวิวค่ายที่ไปติว (เสื้อน้ำเงิน) ในคลิปได้ไหมคะ,177
588,7088839116300976922,2022-04-20 23:56:43,ไม่เป็นไรน้าธรรมชาติจะคัดสรรที่ที่เหมาะสมกับน้องมาให้ เป็นกำลังใจให้ค่ะ แค่นี้ก็เก่งมากแล้ว ได้พยายามสุดความสามารถแล้วเนอะ,1662
589,7088874792761639706,2022-04-21 02:15:04,เอาจริง ๆ เลยนะ เรารู้สึกว่าที่ติวเตอร์ติวให้กับที่ข้อสอบออกจริง ๆ อะ คนละแนวเลย ทุกคนติวคำนวณไปกันหมด แต่อิnetsat มันออกทฤษฎีกับการทดลองทุกข้อ🥲,736
590,7088870212803887899,2022-04-21 01:57:16,เป็นเรื่องปกติครับเมื่อมีคนที่สมหวังย่อมต้องมีคนที่ผิดหวังสุดท้ายชีวิตจะนำสิ่งที่เหมาสมที่สุดมาให้เราเองครับ😳😳😳,337
591,7089098833350918938,2022-04-21 16:44:32,สู้ๆจ้าบางทีที่นี้อาจจะไม่ใช่ของเรา พี่ลงมข 4 รอบ md02 โควต้ามข แอดมิชชั่นมข จนพี่ซิ่ว tcas61 รอบ 3 พี่ก็ยังไม่ติดมข แต่พี่ลงมช รอบเดียวติด,101
592,7090101060752179995,2022-04-24 09:33:27,ไม่เป็นไรนะ เราทำเต็มที่แล้วรอบนี้อาจไม่ใช่ของเรา รอบต่อไปขอให้เธอสมหวังนะคะ✊🏻✌🏻 🧡,77
593,7090167266838610714,2022-04-24 13:50:22,สู้ๆครับพี่ ผมเป็นเด็ก 66 ที่กำลังพยายามอยู่เหมือนกันครับ,27
594,7088851671677666074,2022-04-21 00:45:31,สู้ๆค่ะพี่✌️🤍,19
595,7088867544354276122,2022-04-21 01:47:00,คณะไหนฮะ,8
596,7089016897299759899,2022-04-21 11:26:23,สู้สู้ครับ..ผมเด็ก66ไม่ว่ารู้จะเกิดอะไรขึ้นกับตัวเอง✌🏻💖,5
597,7089028692936770331,2022-04-21 12:12:12,แค่มีความคิดที่จะพยายามก็เก่งมากๆแล้วเธอ เก่งกว่าเธอปีก่อนอีกนะ 🤍💐,4
598,7088995398081413914,2022-04-21 10:02:56,สู้ต่อไปนะคะพี่คนเก่ง🤍✊🏻,2
599,7088965336347378458,2022-04-21 08:06:23,คุณเก่งมากเลยค่ะเราเข้าใจนะคะเราเองก็ติดรอบพอร์ตเเต่ก็อย่าไปต่อในเป้าหมายของตัวเองถึงผลจะออกมาเป็นยังไงอย่างน้อยก็ได้ลองสู้ต่อไปนะคะ,3
600,7089015882890314523,2022-04-21 11:22:25,เก่งมากๆแล้วนะคะ ได้ลงมือทำแล้ว สุดยอดมากๆ ✌🏻💓,1
601,7088411865508365083,2022-04-19 20:19:35,สู้ๆค้าบบ,5
602,7088865941434073883,2022-04-21 01:40:50,พยายามต่อไปนะ เธอทำได้เเน่🥺,2
603,7088857118807474970,2022-04-21 01:06:33,สู้ๆครัฟพี่อย่างน้อยก็ได้พยายามแล้ว 66 เตรียมขิต,2
604,7088848951222780698,2022-04-21 00:34:55,สู้รอบต่อไปครับ สักรอบต้องมีชื่อเราฮึบๆ✌🏿,2
605,7088866043032224538,2022-04-21 01:41:08,สู้ๆนะคะ เราต้องสู้ต่อไปน๊าเธออ่ะเก่งที่สุดเลยรู้รึป่าววว✌️💗,1
606,7090146184320975642,2022-04-24 12:28:38,ไม่เป็นไรนะคะ เราทำเต็มที่แล้ว 💪🏻,2
607,7089078811593294618,2022-04-21 15:26:40,เข้าใจครับรุ้สึกเลยครับ🥺,2
608,7089043547118420763,2022-04-21 13:09:47,ไม่เป็นไรน้าาา รอบหน้าต้องเป็นรอบของเราาาา✌️,2
609,7088936584707752730,2022-04-21 06:14:42,หนูเป็นกำลังใจให้พี่นะคะ🥰✌️,2
610,7088929192934998811,2022-04-21 05:46:03,ไม่เป็นไรนะเธอ สู้ๆต่อไปนะเราเป็นกำลังใจให้,2
611,7088878405915771675,2022-04-21 02:29:11,สู้ๆนะคะ พี่ทำดีที่สุดเเล้วค่ะ เป็นกำลังใจขอให้ติดนะคะ💖,1
612,7094814212157342490,2022-05-07 02:22:57,สู้ๆ ครับ,2
613,7088884488428208922,2022-04-21 02:52:40,เป็นกำลังใจให้นะคะ✌🏻✌🏻,1
614,7089113056907051803,2022-04-21 17:40:01,Don’t give up!💪,2
615,7090138389739127579,2022-04-24 11:58:17,เก่งมากๆค่ะ สู้ต่อไปค่ะ อย่าท้อนะ สักวันต้องเป็นวันของเราแน่นอนค่ะ🥰🥰🥰🥰,1
616,7089037537737556763,2022-04-21 12:46:27,เก่งมาก ทำดีที่สุดเเล้ว จะร้องไห้ก็ได้เเต่ต้องเดินหน้านะคะ 👐🏻,1
617,7113874823026344731,2022-06-27 11:07:49,สักวันต้องได้ไปยืนอยู่ตรงนั้น🥰,793
618,7113884411210007322,2022-06-27 11:44:54,หนูจะไปเป็นช่อที่60 💓✊🏻,401
619,7113910142149100315,2022-06-27 13:24:50,ขอให้น้องๆทุกคนที่เม้นในคลิปนี้ ได้เป็นกาลพฤกษ์ช่อถัดไปกันทุกคนนะครับ มอดินแดง ยินดีต้อนรับครับ,219
620,7113913536976110363,2022-06-27 13:37:55,ขอให้ช่อที่61สมหวังด้วยเถ้อะ อยากเป็นสาวมอดินเเดง,71
621,7113887397549589275,2022-06-27 11:56:31,นี่เป็นคนใต้ที่อยากเข้ามข.มากก แบบมากๆๆๆๆ,120
622,7113903066306396955,2022-06-27 12:57:14,หนูจะไปเป็นช่อที่64ได้รึป่าวนะ🥺,53
623,7113893648781542171,2022-06-27 12:20:45,ของเราอนาคต ช่อที่62😳 ขอให้สมหวังด้วยเถ๊อะะะ,40
624,7113894028936758043,2022-06-27 12:22:15,หืมมม อยากเข้า มข มากแม่ !!!,10
625,7113864806369116954,2022-06-27 10:28:53,@☁️🧺 ตอนไหนจะเรียนจบ🥺,30
626,7113887428306699034,2022-06-27 11:56:41,อีก3ปี ✌🏻✌🏻💕,13
627,7113897919837438747,2022-06-27 12:37:22,ยินดีต้อนรับทุกคนเจอกันหลังมอ😂😂😂,7
628,7113913259909448475,2022-06-27 13:36:54,หนูจะไปเป็นช่อที่60,8
629,7113875725861765915,2022-06-27 11:11:11,@pikploy05 ถ้าติดอยู่แถวนี้กับภาคกลางถ้าจะม่วน,6
630,7113877798629294874,2022-06-27 11:19:20,@sg_jm_2 @BENZ เนี้ยะ,5
631,7113937168589964059,2022-06-27 15:09:37,หนูจะไปเป็น1ในช่อที่62,3
632,7113892138810999578,2022-06-27 12:14:54,ความฝันเลยอ่ะ แต่ได้แค่ฝันจริงๆ🥺,4
633,7113937623244636954,2022-06-27 15:11:25,@nnnxm0 สิติดบ่น้อ555,3
634,7114265991988019995,2022-06-28 12:25:41,@chompoo2_6 สู้ๆนะพวกเรา อีก3ปี,2
635,7114264997950063386,2022-06-28 12:21:49,เป็นมหาลัยที่ฝันอยากจะเข้ามากๆ🥺,1
636,7114268677210243866,2022-06-28 12:36:04,จะเป็นช่อที่60ให้ได้ค่ะ!!,1
637,7114280350087660315,2022-06-28 13:21:20,ได้ดูแต่ไลฟ์ ต้องรออีก 6 ปี🥰🥰,1
638,7114084164488135451,2022-06-28 00:40:12,คิดถึง มข. #ศิษย์เก่า56,2
639,7113940796114436891,2022-06-27 15:23:47,เราจะไปช่อที่61ให้ได้ รอหน่อยนะถึงแม้หนังสือจะไม่เคยจับ🥺,2
640,7114243045884953370,2022-06-28 10:56:36,กาลพฤกษ์ช่อ61จะต้องมีหนูอยู่ในนั้น🥺,1
641,7113967557845631770,2022-06-27 17:07:43,จะเป็นช่อที่61 ให้ได้เลย✌️🥺 อยากเป็นสาวมอดินแดง,1
642,7113937771613946651,2022-06-27 15:12:00,เคยคิดอยากจะไปเรียนนะ แต่มันไกลเกินเอื้อม😅,2
643,7114136166462784283,2022-06-28 04:01:51,รอก่อนอีก5ปีเจอกัน,1
644,7113952675428336411,2022-06-27 16:09:58,สักวันจะต้องไปที่นี่ให้ได้.,1
645,7113944030510400282,2022-06-27 15:36:22,น่าเรียน ดีไปหมดทุกอย่างเลยคับ,1
646,7113897573115544346,2022-06-27 12:36:02,เดี๋ยวจะตามไปเป็นช่อที่60นะคะ💖,1
647,7136715982416020226,2022-08-28 00:24:25,صْـيفوىْي ما باقي شيء ع 50k 🥺🤎🤎.,15
648,7136940611362571010,2022-08-28 14:55:50,Credit the original @Noha Alanezi,1
649,7136673318878987010,2022-08-27 21:38:39,ليه جامعتكم حلوه كذا اي فرع ؟,634
650,7136779447370220290,2022-08-28 04:31:17,حاط هاشتاقات ابها واهي جامعه الكويت شنو في 😭!,97
651,7136750883664364290,2022-08-28 02:39:56,هذي جامعة الكويت قاعد اقول بيني وبين نفسي ويت شلون راح نداوم الاحد,137
652,7136831291799077674,2022-08-28 07:51:17,يا حلو جامعه الكويت💖💖,61
653,7136887439704998658,2022-08-28 11:29:17,لحظه هذي جامعتنا جامعه الكويت شوداها ابها؟ 😂😂😂😂,37
654,7136756124649243394,2022-08-28 03:00:38,جامعة الكويت 😃,22
655,7136877883994243842,2022-08-28 10:52:19,جامعتنا صار اسمها جامعه الملك خالد 🤡,20
656,7136834658839298818,2022-08-28 08:04:31,جامعة الكويت متى نقلوها ابها,39
657,7136784144638853890,2022-08-28 04:49:37,جامعة مال انا رجع,58
658,7136782041509053186,2022-08-28 04:40:57,جامعتي العزيزه🇰🇼💗,14
659,7136828282687783681,2022-08-28 07:40:04,جامعة الكويت شجابها ابها,14
660,7136860874358588162,2022-08-28 09:46:05,شداديتنا 💗💗💗,11
661,7136760970769400577,2022-08-28 03:20:23,امبيي الاداريه شيابها ابها 🙃🙃,69
662,7136782130394940161,2022-08-28 04:41:17,كليتي صارت بأبها خلاص راح اسجل صيفي مره الجاية 🤣,15
663,7136796750077362945,2022-08-28 05:37:37,جامعتناااااا,10
664,7136699022022738690,2022-08-27 23:19:07,لو ذي جامعتي اداوم بالويكند بعد,43
665,7136668909994083074,2022-08-27 21:21:15,هيه وين ذي مانشوفها ؟ هههههههههههههههههههههههههههههههههههههههههههههههههههههههه,57
666,7136713556175307522,2022-08-28 00:15:18,اخوي وين ذي,31
667,7136695059042829058,2022-08-27 23:03:26,بحسد العيال جامعاتهم دايم حلوه 😂😂,27
668,7136708076627428097,2022-08-27 23:53:59,هذي اي فرع؟؟؟؟,10
669,7136697677886653185,2022-08-27 23:13:26,رجعوني استخدم الصوت بالله ❤️🔥.,12
670,7136696944898704129,2022-08-27 23:10:50,امبيه الجامعه حلوه ماشاءالله,9
671,7136717970927223554,2022-08-28 00:32:25,الوو مافي صوت للمستجدين,7
672,7136847040625836802,2022-08-28 08:52:31,جامعه الفطيس متى صارت جامعه الملك خالد؟,1
673,7136831806401905410,2022-08-28 07:53:35,@N مول مو جامعه,1
674,7137022557395829510,2022-08-28 20:12:54,@shody khamis ذكريني نديره بعد تبدا 😂😂😂,1
675,7136832579814310658,2022-08-28 07:56:14,المبنى حلوو,1
676,7136756513133183746,2022-08-28 03:01:30,جامعة الكويت هذييي,5
677,6974714010529874689,2021-06-17 10:52:38,หล่อทะลุแมสส,6
678,6974752121904841474,2021-06-17 13:20:33,ผมนึกว่าณดล;-;,6
679,6974600151457661698,2021-06-17 03:30:51,สรุปคุณพรี่่่อยู่คณะอะไรค้าาา😅😅🥰😅😅,62
680,6974571388624175874,2021-06-17 01:39:20,นึกว่าพี่บอนซ์ณดล😂,519
681,6974606255570633474,2021-06-17 03:54:31,ฉันดึกว่าณดล😂😂😂,26
682,6974748831846499073,2021-06-17 13:07:45,แฝดณดลป่ะเนี่ย😂,43
683,6974573442943779586,2021-06-17 01:47:17,นึกว่าณดล,379
684,6974976240751117057,2021-06-18 03:50:16,1ในปัจจัยของการเลือกมหาลัย,9
685,6974598622923621121,2021-06-17 03:24:57,พี่พลัฟกลับบ้าน😂😂งื้ออน่ารักอ่ะ,7
686,6974580016387195650,2021-06-17 02:12:47,คิดว่าณดลเเต่อันนี้คงเป็นณดา555,24
687,6974451435186979586,2021-06-16 17:53:46,พี่อยู่ปีไหนหรอคะ,60
688,6974441056952337153,2021-06-16 17:13:29,พี่เรียนคณะบริหารหรอค่ะ😳,20
689,6974546549888205570,2021-06-17 00:02:56,เหมือนหลุดออกมาจากนิยาย😳😳😳🥰🥰,6
690,6974577740020515585,2021-06-17 02:03:54,พี่บอนซ์ในร่างพี่พลัฟ 😊😊,5
691,6974752579985769218,2021-06-17 13:22:19,แฝดฌดลล😳😳,4
692,6974739966434149121,2021-06-17 12:33:22,"ณดลลลลลลลลลลลลลลลลลลลลลลลล
ใช่เลย แฝนคนละฝา@bonnadol",4
693,6974557605889524481,2021-06-17 00:45:53,หลงแบบหาทางออกไม่เจอแล้วคร้า😅🥰,4
694,6974597512472806146,2021-06-17 03:20:36,พี่ค่ะถ้าเราไม่มีทักษะพื้นฐานเกี่ยวกับคณะบริหารนิ้ยากไหมค่ะ🥺,4
695,6974594588761768706,2021-06-17 03:09:15,นึกว่าพี่บอนซ์555@bonnadol 🥰😁,4
696,6974576451517596417,2021-06-17 01:58:54,หล่อทะลุแมท😁,2
697,6974548268747997954,2021-06-17 00:09:38,ทางออกอยู่ไหนหนูหาไม่เจอแล้ว😁,1
698,6974579588508893953,2021-06-17 02:11:04,เดี๋ยวซิ่วซะเลย555,2
699,6974653974947463937,2021-06-17 06:59:41,รีวิวกล้องพี่หน่อย,2
700,6974565939711263490,2021-06-17 01:18:10,หล่อทะลุแมส🥰😳,2
701,6974577071389623041,2021-06-17 02:01:18,งุ้ยยยยยยย🥺,2
702,6974629934551745282,2021-06-17 05:26:24,อยากเรียนบริหารขึ้นมาทันที55555😂,2
703,6974631504543236865,2021-06-17 05:32:31,เรียนจบแล้ว แต่อยากไปสมัครเรียนใหม่55555😅,2
704,6974632556557763329,2021-06-17 05:36:34,อยากเรียนบริหาร…ใจพี่จัง😳🥺,2
705,6974604095248630530,2021-06-17 03:46:10,ต้องย้ายไปเรียนแล้วววว😳😳,2
706,6974652882289771265,2021-06-17 06:55:27,น่ารัก,3
707,7136512073442247450,2022-08-27 11:11:52,ช่วยเลือกหน่อย บับซีเรียส🥹,97
708,7136531766772466459,2022-08-27 12:28:12,L ค่ะดูทะมัดทะแมงแล้วก็เข้ารูป,454
709,7136522424833786651,2022-08-27 11:52:00,Xl ค่ะ ดูเก๋ดี,3619
710,7136515898655539994,2022-08-27 11:26:40,L M M ค่าาา,874
711,7136519238122160922,2022-08-27 11:39:38,L ค่ะเฟียสเฟียส😁,811
712,7136561243867939610,2022-08-27 14:22:37,XLค่ะ เผื่อโตแม่สอนไว้ 555555,244
713,7136524027645428507,2022-08-27 11:58:17,XL ค่ะ เน้นสบายกินเยอะบังพุง😂,69
714,7136531872989905690,2022-08-27 12:28:42,XL/M/M ค่าา,64
715,7136756826313900827,2022-08-28 03:01:36,XL/L ค่ะ 💕,20
716,7136538694600803098,2022-08-27 12:55:04,กาวน์ไม่ต้องเลือกไชต์เลยค่ะ55555 เน้น กันนํ้ากันไฟกันสารเคมีพอกินเเล้ว,25
717,7136538598757073690,2022-08-27 12:54:44,XL/L/L ค่าา,40
718,7136521552946709275,2022-08-27 11:48:38,Lค่า,21
719,7136512824540496666,2022-08-27 11:14:43,M ค้าบ,21
720,7136518591914427163,2022-08-27 11:37:08,L M M ค่ะ,20
721,7136525244614099739,2022-08-27 12:03:00,L/M/M ใส่แล้วเข้ากับพี่ สวย,9
722,7136529525127234331,2022-08-27 12:19:31,ขออนุญาตนะคะ พิกัดสร้อยได้มั้ยคะ ตอบเเทนได้ค่า🥹,7
723,7136523873508262682,2022-08-27 11:57:38,L M กำลังเริ่ดเลยค่ะเวลาทำงานหยิบจับอะไรจะได้สะดวกด้วยค่ะ🥰,6
724,7136597180488188698,2022-08-27 16:42:10,XL/M/L งับบ,2
725,7136534821568283419,2022-08-27 12:40:04,xlค่ะ,3
726,7136522804576879386,2022-08-27 11:53:27,LLL ค่ะ,3
727,7136525966977565466,2022-08-27 12:05:45,แอลลล,0
728,7136522844168012571,2022-08-27 11:53:40,Lสวยสุด,0
729,7136519111584563994,2022-08-27 11:39:07,l m m ค่ะ,2
730,7136520654530282266,2022-08-27 11:45:05,Lค่ะ,1
731,7136519329378288411,2022-08-27 11:39:59,LMLค้าบ,1
732,7137790867968279323,2022-08-30 21:55:13,xlน่าจะทำให้ขยับตัวง่ายสุดนะคะ,1
733,7136534120877114138,2022-08-27 12:37:25,Lสวยค่า ดูเสริมบุคลิก,0
734,7136525133196018458,2022-08-27 12:02:31,L สวยมากงับ,0
735,7136526816630391578,2022-08-27 12:09:03,L เลยค๊าา,0
736,7112432423530464026,2022-06-23 13:50:29,มหาวิทยาลัยที่ฉันอยากเข้า,1107
737,7112386618707034907,2022-06-23 10:52:49,ยินดีต้อนรับสู่รั้วมอดินแดงค่า คิดถึงมอดินแดงเลย 🥰,252
738,7112426171308262171,2022-06-23 13:26:15,อีก3ปีจะสานฝันให้สำเร็จ,196
739,7112430490554139418,2022-06-23 13:43:08,อีก6ปีต้องทำให้ได้้🥺💗,67
740,7112602256419767066,2022-06-24 00:49:54,อีก4ปีจะทำให้ได้,30
741,7112678631898497818,2022-06-24 05:46:06,ปีหน้าเจอกันนะ✌️❤️,32
742,7112430921080881946,2022-06-23 13:44:42,อีก2ปีจะเข้าให้ได้,23
743,7112605214570087195,2022-06-24 01:01:16,อีก3ปีเจอกันน มข.🤍,17
744,7113036662750102298,2022-06-25 04:55:14,มหาลัยที่อยากเข้ามากกก🥰,2
745,7112424894281204507,2022-06-23 13:21:18,@user25023014อีก6ปีอดได้มั้ยยย,4
746,7112670871634133786,2022-06-24 05:15:50,ความฝันหนูเลยย,2
747,7112673526611510042,2022-06-24 05:26:07,ปีนี้เราต้องเข้าให้ได้🥺,1
748,7112626820343907099,2022-06-24 02:24:57,จะมีโอกาสได้เข้ากับเค้ามั้ย😅😅,1
749,7112664781521666843,2022-06-24 04:52:13,อีก4ปี🫶🏻🫶🏻,4
750,7112399326877418266,2022-06-23 11:42:04,@suchawadee445 อยากเข้าไปเรียนเเล้วอดบ่ได้,4
751,7112961814174696218,2022-06-25 00:05:00,อีก3ปีจะต้องเข้าให้ได้🥺,2
752,7113015394252604186,2022-06-25 03:32:45,ปีหน้าจะไปให้ได้เลย...นาฏศิลป์อีสาน💜,2
753,7113008250005914395,2022-06-25 03:04:58,อีก3ปีเจอกัน มข.,2
754,7112985858328412954,2022-06-25 01:38:09,@WA. … อยากไปอ่ะ บ้านเกิดฉานนน😂😂😁,2
755,7112621630815945499,2022-06-24 02:04:52,อีก5ปีต้องทำให้ได้้🥺💗,2
756,7112677113727337243,2022-06-24 05:40:04,เดี๋ยวตามไปนะคะ5555 dek66,1
757,7112673450758587163,2022-06-24 05:25:56,บ้านเกิดผมอยู่ขอนแก่น🥺อยากไปดูอ่ะ,1
758,7112708516158620442,2022-06-24 07:41:54,อีก6ปีต้องได้เจอกันที่ มข.น่าาา🥰🥺,1
759,7112620199177929498,2022-06-24 01:59:17,รอก่อนนะความฝันอีกไม่นาน,2
760,7112745654892299035,2022-06-24 10:06:02,อีก4ปีเจอกันนะ มข🤍,2
761,7112999843404317467,2022-06-25 02:32:22,อีก5ปีทำได้แน่นอนนน,2
762,7112617692369027867,2022-06-24 01:49:43,อยากทราบค่ะ มข.ต้องสอบเข้าไหมค่ะ,1
763,7112751177787704090,2022-06-24 10:27:25,อีก5ปีต้องทำให้ได้🥺💖,2
764,7112792723933561627,2022-06-24 13:08:36,หนูเคยไปเมื่อปีก่อนละมั้งเพราะว่ามันมีงานคอสเพลย์อยู่นั่น ใหญ่มากเลยค่ะ,1
765,7112752602777305883,2022-06-24 10:32:56,ซักวันหนูต้องได้ไป🥰,1
766,7114994237612540673,2022-06-30 11:32:38,"@a9njr
5/7 after 5 days.. really clooooose.. 🤩",0
767,7107234364815459074,2022-06-09 13:39:29,🥹🥺,0
768,7106137240962597634,2022-06-06 14:41:54,مو طبيعيي فكرة المقطع تجنن🤯❤️,1786
769,7106141040931488514,2022-06-06 14:56:42,ودي اسوي ذا الترند بس درست كل المراحل بنفس المدرسه😭😭,1089
770,7106193174271902465,2022-06-06 18:19:03,ودي اصور الترند ذا لكن ابتدائيتي في الخرج و متوسطتي في الدمام و الثانويه الحين في الرياض الله علي ابن بطوطه,161
771,7106375792008364801,2022-06-07 06:07:41,طيب واللي درس كل ترم بكل صف بمدرسه ؟؟,58
772,7106155383563109122,2022-06-06 15:52:19,الفكرة جباااااره!❤️❤️❤️,207
773,7106153223908213505,2022-06-06 15:43:58,المقطع يجنن 🤍🤍🤍,25
774,7106170805645804289,2022-06-06 16:52:11,الله 😍😍😍❤️❤️❤️😩😩😩,47
775,7106129345290453761,2022-06-06 14:11:16,متوسطة مكه يووه مجود حسين علوان 😂😂😂,24
776,7106158830295483138,2022-06-06 16:05:42,من طرف وسكي😏,19
777,7106143581630841601,2022-06-06 15:06:33,مبروك.. من طرف ويسكي❤️‍🩹,29
778,7106117943855301378,2022-06-06 13:27:01,الفكره تفووووز 😻🌹👍,37
779,7106146615076995841,2022-06-06 15:18:18,منننن طرف وسكييييي ❤️‍🔥❤️‍🔥 + مبرووووك على التخرج 🎓 ومنها للاعلى,14
780,7106153252701946625,2022-06-06 15:44:05,ماشاءالله الف الف مبروكك الله يوفقك يارب والمقطع مره يجنن🥺🥺,7
781,7106195803580678914,2022-06-06 18:29:16,من طرف وسكي 🥺❤️‍🔥 + مبروككككك التخرجججج ومنها لاعلى يارب وعقبال فرحة الوظيفه 😩❤️,8
782,7106196571728970498,2022-06-06 18:32:12,حتتدلع,6
783,7106162176112968449,2022-06-06 16:18:43,"الف مبروك التخرج 🤍
من طرف وسكي",5
784,7106152754061951745,2022-06-06 15:42:07,و بك نفخر .. صنعت للمجد شيئا كثيراً ، لا خابت تلك المساعي حبيبنا♥️,5
785,7106447623225606913,2022-06-07 10:46:24,الف مبروك و عقبال الوظيفة اللي تطيب خاطرك 💛💛,2
786,7106150767312700161,2022-06-06 15:34:26,من طرف وسكي,13
787,7106485471769199361,2022-06-07 13:13:13,الفكرة 👍🏼👍🏼👍🏼,3
788,7106496302225769217,2022-06-07 13:55:16,ونا حسبته تخرج من الابتدائي,2
789,7106545240538448642,2022-06-07 17:05:13,مبروك يا خريج سنه 2022🥺,1
790,7106486830366835457,2022-06-07 13:18:29,عقبال الوظيفة و نشوفك في أعلى المناصب❤️.,1
791,7106533776645882625,2022-06-07 16:20:43,ليش ماتجي هالفكره ع عام 2018💔👩🏻‍🦯,1
792,7106465624854971137,2022-06-07 11:56:11,تجنن الفكره 🥹🎓 ومبروك لك ولي ولكل الخريجين الله يفرحنا بما يسرنا,1
793,7106592856785601282,2022-06-07 20:10:05,جامعة خالد خرجوني بسرعه بسوي زيه!,1
794,7106487109942657794,2022-06-07 13:19:35,ياخي مبدع عقبال الوظيفة اللي تحلم بها❤️,1
795,7106494193258349313,2022-06-07 13:47:05,ادعولي انقبل في الجامعه🥺!.,2
796,7116851589835703067,2022-07-05 11:39:09,ยิ้มจักรวาลมากเอาดีๆเธออออ,804
797,7117084638254105371,2022-07-06 02:43:29,สนใจไปประกวดนางงามไหมคะพร้อมมเชียร์มากๆค่าาาา,317
798,7117025341726622491,2022-07-05 22:53:52,เชียร์ให้ลงนางงามตั้ง สวยมากกก,84
799,7116855280387080987,2022-07-05 11:53:28,ยิ้มหวานมาก😳,131
800,7116867584209830682,2022-07-05 12:41:10,ขอแนวทางเข้า สัตวแพทย์ มข งับ,65
801,7117549876267189018,2022-07-07 08:48:50,ลงประกวดได้เลยสวยมาก🥺,11
802,7116851756310790939,2022-07-05 11:39:43,หลายเหตุการณ์มากงับ,14
803,7117585214886118171,2022-07-07 11:05:57,คุณมีเสน่ห์มากเลยงับ,4
804,7116832274679399195,2022-07-05 10:24:11,สวยน่ารัก,4
805,7116912368156427035,2022-07-05 15:34:58,คนข้างๆไปยืนทำไรรรร,1
806,7117032202814767898,2022-07-05 23:20:20,สวยมากกกกกก 🫠,0
807,7117037511587644187,2022-07-05 23:40:52,ยิ้มน่ารักม่ก,0
808,7116855433583477531,2022-07-05 11:54:01,สวยมากกกไๆๆ😳❤️😍💘🔥,0
809,7116854899023430427,2022-07-05 11:51:56,เสื้อไซส์อะไรหรอคะเธอ,0
810,7119114184906261275,2022-07-11 13:59:05,@jerryandtomwearefriends สวยมากก😳,1
811,7117083253299643163,2022-07-06 02:38:11,เรียนที่เดียวกันเลยค่าา💕,0
812,7117309756994093851,2022-07-06 17:17:09,สวยมากกกกกกกกก😳,0
813,7117622675695354651,2022-07-07 13:31:20,มีเสน่ห์มาก😳,0
814,7117612310168306459,2022-07-07 12:51:04,ดาวคณะปะเนี่ยย ยิ้มโลกแตกมากเลยเธอ,0
815,7117872052681311002,2022-07-08 05:38:59,เคยคิดจะลงประกวดมั้ยคะ เป็นคนที่สวยและมีเสน่ห์มากๆเลย,0
816,7117806493399974683,2022-07-08 01:24:46,ลงประกวดเลยครับ สวยมากก พร้อมเชียร์สุดๆ,0
817,7117790723085681434,2022-07-08 00:23:40,มีเสน่ห์มากเลยค่ะะ🥰😻,0
818,7117780227299967771,2022-07-07 23:42:51,พี่สวยมากแบบมากๆเลย<333😭🤘🏻💞,0
819,7117776114256790298,2022-07-07 23:27:03,พี่สูงเท่าไหร่คะ🥰,0
820,7117773088104039194,2022-07-07 23:15:13,สวยมากก,0
821,7117609525645198106,2022-07-07 12:40:14,ยิ้มมมมมมของเธอนั้น,0
822,7117607525557617434,2022-07-07 12:32:29,สนใจประนางงามใหม่แม่สวยไม่ไหวแก้นิดหน่อยคือที่สุด,0
823,7117534943992218395,2022-07-07 12:10:41,สวย,0
824,7117596684221563674,2022-07-07 11:50:26,ตัวเองสัดส่วนเท่าไหร่คะ,0
825,7117595449724764954,2022-07-07 11:45:40,มีเสน่ห์มากกอ่ะ,0
826,6991708170087695130,2021-08-02 05:58:41,*พี่พร้อมกับพี่โฟร์คย้ายแล้วนะคะ *,313
827,6991245301525168923,2021-08-01 00:02:42,มันคือตา ม. ขอนแก่นหรอคะ แล้วทำไมมันเป็นรูปพระธาตุพนม 😅,225
828,6991153868344427290,2021-07-31 18:07:56,มีหมอโบกี้ก็ต้องมีหมอมาร์ค 🥰🥰,305
829,6991305162996515586,2021-08-01 03:54:57,มข.ศูนย์รวมผู้ชาย❤️🥺,78
830,6991166858490004250,2021-07-31 18:58:32,พี่พาร์ทททท😳🌻.,108
831,6992076019897811738,2021-08-03 05:46:08,เอาสะกูไม่กล้าไปเรียนเลย555,42
832,6991191215891104538,2021-07-31 20:33:26,นี่แหละ ที่อยากเข้าม.ขอนแก่นเพราะนี้555,14
833,6991303180949127963,2021-08-01 03:47:09,โฟร์คเรียนม.ขหรอค่ะพึ่งรู้คณะอะไรค่ะ,60
834,6991151742746575642,2021-07-31 17:59:40,พี่โฟล์คคือที่สุด😳,23
835,6991637370957464346,2021-08-02 01:23:59,ชั้นเกิดช้าไปสินะ🤔🤔,25
836,6991321688047174426,2021-08-01 04:58:57,พี่พร้อมย้ายมาเรียนที่ม.กรุงเทพแล้วไม่ใช่เหรอคะ,19
837,6991419532334842650,2021-08-01 11:18:38,ขอม.ศ.ว.บ้างงง🥺🥰,11
838,6991272926368842522,2021-08-01 01:49:45,ขออนุญาตพี่ๆในคลิป*ผิดพลาดตรงไหนขออภัยด้วยค่ะ🙏🏻💗,7
839,6991262743156376347,2021-08-01 01:10:14,พี่บิ๊กบูมก็เรียนม.ขอนแก่นนะ,6
840,6992168532142523163,2021-08-03 11:45:06,@itsmekaofang เธอมาสอบนี่ได้นะ🥰ใกล้ๆเรา😂,3
841,6991254429530489626,2021-08-01 00:38:05,แกพี่พร้อมไม่ได้อยู่ขอนแก่นนะพี่พร้อมอยู่อุบลราชธานี,4
842,6992156321529414426,2021-08-03 10:57:43,พี่โฟร์คคือคนไหนคะ,3
843,6991351401847128858,2021-08-01 06:54:15,มันเป็นอะไรที่ดีมากเคยเข้าไปครั้งหนึ่งคือดี ดีไม่ไหวแต่เสียงจั๊กจั่นก็ดังเหมือนกันนะ😂,2
844,6991257709211861786,2021-08-01 00:50:47,พี่โฟล์คย้ายแล้วนิ่,3
845,6991349509213881114,2021-08-01 06:46:56,@kamonlak12894 มึง เราต้องทำให้ได้55😂🥰,2
846,6991726491004732187,2021-08-02 07:09:47,ืรู้สึกอยากยากมีบ้านยุขอนแก่นแล้วหละสิ😬😬,3
847,6991329856734987034,2021-08-01 05:30:38,ม.ขอนแก่นคือความฝันที่เราอยากไปเรียนต้องไปไห้ได้,2
848,6996594387706757915,2021-08-15 09:59:41,บอกชื่อเพลงหน่อยได้มั้ยงับ🥺🥺ตามหาหลายวันไม่เจอซักที🥺🥺🥺🥺🥺🙏🙏🙏🙏,2
849,7018350250465215259,2021-10-13 01:03:37,ฉันผู้ที่ไปมหาลัยขอนแก่นบ่อยมากก😳,2
850,6991322533567972097,2021-08-01 05:02:17,@sorry14102550 เอามะ55,2
851,7004643545055724315,2021-09-06 02:34:35,เพลงไรอ่ะ55555,2
852,7059014749744317211,2022-01-30 15:02:44,อยากรู้ชื่อเพลง,1
853,6991331561472295707,2021-08-01 05:37:16,@pinxm @08co0lkidfangs มันคือสาเหตุ😂😌,2
854,6991288510351246107,2021-08-01 02:50:11,พี่พร้อมอยู่อุบล,2
855,6994669816753701659,2021-08-10 05:31:21,@thanidawongkeaw ไม่ต้องไปต่อม.กรุงเทพหรอกไปใกล้ๆนี้🥺🥰😂,1
856,7099270931722027778,2022-05-19 02:37:20,كيففف سويته بتخرج بعد اسبوعيننننن بسويه,124
857,7099464852460225282,2022-05-19 15:09:40,Wow wow wooooooooooooooooooow 💙💙💙💙💙💙💙💙💙💙💙💙💙💙💙,1
858,7099535348640400129,2022-05-19 19:43:21,You are an electrical engineer?,1
859,7099410379142841090,2022-05-19 11:38:16,Wow🥺🥺🥺,1
860,7099816864255738625,2022-05-20 13:55:40,Congratulations 🎉,1
861,7099272317196681986,2022-05-19 02:42:40,موووو طبيعي التصميم يجنن ماشاءالله,1150
862,7099280004634411778,2022-05-19 03:12:25,اوفف الفكره جاامدهه ماشاء الله,723
863,7099311087375762178,2022-05-19 05:13:01,قاعده اشوف هالمقطع و انا بطريقي للجامعه اسلم ملف التدريب وانهي اخر مابيني وبين الجامعه 🤍,255
864,7099402360011178753,2022-05-19 11:07:10,الله حبيبييت فكككره الفييييد يفوز بأجمل فيد تخرج,51
865,7099235443086295810,2022-05-19 00:19:43,الف الف مبررك وعقبال الوظيفه يارب،,183
866,7099384101484561153,2022-05-19 09:56:20,شعور حلو انك خلصت وبنفس الوقت تحس بأشتياق للمراحل اللي مريت فيها وللأشخاص اللطيفين اللي مرو عليك.,17
867,7099356670903960321,2022-05-19 08:09:54,حفظت الفكره لتخرجي,8
868,7099300555298243329,2022-05-19 04:32:12,كل شي بالمقطع جامددددد اناقه وترتيب اللبس وفكره المقطع سراحه ابدعتتتت 👏🏻👏🏻👏🏻,18
869,7099754448737633026,2022-05-20 09:53:26,Wow ❤️❤️❤️❤️❤️❤️❤️❤️,0
870,7099304506412483329,2022-05-19 04:47:29,نبي تتوريال للتصميم بنتخرج بعد اسوبعين بالله 😭😭,12
871,7099301253016486658,2022-05-19 04:34:53,مبروك عقبال المناصب العلياء♥️♥️,16
872,7099237585352114946,2022-05-19 00:28:00,الف مبروك عقبال الانجازات الاكبر 💙,16
873,7099236438121906946,2022-05-19 00:23:31,مبروك ياعيوني الله يديم سعادتك❤️❤️..,19
874,7099401306216973058,2022-05-19 11:03:03,كيف سىويت المقطعع تكففى,6
875,7099366921120072449,2022-05-19 08:49:38,ذكروني اذا تخرجت اسوي نفس ذا المقطع,6
876,7099366099363939074,2022-05-19 08:46:29,عقبالنا يارب,6
877,7099406522505593601,2022-05-19 11:23:19,خلااعععععصصص التيك كله تخرجكم من جامعة خالد,4
878,7099390446744978178,2022-05-19 10:20:56,لكل مجتهد نصيب وتستاهل ومبروك التخرج 🤍🤍🤍,4
879,7099403936213795586,2022-05-19 11:13:17,العبره خانقتني كل تك توك تخرج جامعة الملك خالد الله يوفقكم وعقبال الاعلى 🥺❤️❤️❤️,4
880,7099388834206450433,2022-05-19 10:14:39,ابغى اصمم نفس الفيديو، كيف 🥲؟,3
881,7099399692265767682,2022-05-19 10:56:48,وين راح التفت سلم علينا,4
882,7099413950848631553,2022-05-19 11:52:08,مبروكك والله يوفقك في حياتك 🤍.,3
883,7099391987568935681,2022-05-19 10:26:53,الله يجنننن التصميم ماشاء الله مبدع والف مبروك الله يوفقك يارب,3
884,7099400992898663169,2022-05-19 11:01:52,الي لابسه يجننننن,3
885,7099400420191257345,2022-05-19 10:59:37,مبروووووووك يالفخر 👏👏👏👏👏👏,3
